403365600,0,0,0,0,0
403372800,0,0,0,0,0
403380000,0,0,0,0,0
403387200,0,0,0,0,0
403394400,0,0,0,0,0
403401600,0,0,0,0,0
403408800,0,0,0,0,0
403416000,0,0,0,0,0
403423200,0,0,0,0,0
403430400,0,0,0,0,0
403437600,0,0,0,0,0
403444800,661,253,282,253,266
403452000,1614,567,637,577,604
403459200,1705,569,637,580,604
403466400,1690,570,638,581,605
403473600,1447,567,641,578,604
403480800,1374,564,643,575,604
403488000,1223,562,643,574,604
403495200,1051,560,644,572,603
403502400,999,559,644,570,603
403509600,964,558,643,569,603
403516800,946,557,642,569,602
403524000,1214,557,640,570,602
403531200,1499,562,636,574,603
403538400,1649,568,635,577,604
403545600,1682,570,636,581,604
403552800,1690,570,637,581,604
403560000,1414,567,641,578,604
403567200,1281,564,642,575,604
403574400,1305,562,643,574,604
403581600,1226,561,643,573,604
403588800,1149,560,643,572,603
403596000,1146,560,642,572,603
403603200,1171,560,642,572,603
403610400,1236,560,641,572,603
403617600,1422,561,639,574,603
403624800,1641,566,635,578,604
403632000,1751,570,635,581,604
403639200,1799,571,636,581,604
403646400,1395,567,640,578,604
403653600,1199,564,643,575,604
403660800,1191,562,643,573,604
403668000,1184,561,643,573,603
403675200,1238,561,642,573,603
403682400,1287,561,641,573,603
403689600,1293,561,641,573,603
403696800,1277,561,641,574,603
403704000,1455,562,639,575,603
403711200,1499,565,638,577,603
403718400,1683,567,635,580,604
403725600,1502,568,637,579,604
403732800,1260,564,640,575,603
403740000,1082,562,642,572,603
403747200,966,559,642,570,602
403754400,920,558,642,569,601
403761600,809,557,642,568,601
403768800,692,556,642,566,600
403776000,646,555,641,565,599
403783200,970,555,638,566,600
403790400,1249,559,635,571,601
403797600,1374,565,634,574,601
403804800,1469,569,634,578,601
403812000,1488,569,634,578,602
403819200,1169,565,639,574,601
403826400,941,561,641,571,600
403833600,764,559,642,569,600
403840800,797,557,641,567,600
403848000,814,556,641,567,599
403855200,748,556,640,566,599
403862400,767,555,639,566,598
403869600,1016,555,637,567,599
403876800,1302,560,634,571,600
403884000,1440,566,633,574,600
403891200,1514,570,633,578,600
403898400,1530,570,634,578,601
403905600,1068,565,638,574,600
403912800,950,562,640,571,600
403920000,927,559,641,570,600
403927200,915,558,640,569,600
403934400,920,558,640,568,599
403941600,993,558,639,568,599
403948800,993,558,639,569,599
403956000,1120,558,637,569,599
403963200,1315,560,636,572,599
403970400,1424,563,635,575,600
403977600,1434,565,635,577,600
403984800,1386,565,636,577,600
403992000,1201,563,638,574,600
403999200,1106,561,639,572,600
404006400,1093,560,639,571,600
404013600,1193,560,638,571,600
404020800,1142,559,638,571,599
404028000,991,558,639,570,599
404035200,1121,558,638,570,599
404042400,1240,559,636,571,599
404049600,1449,561,634,574,600
404056800,1570,565,634,577,600
404064000,1718,568,632,580,601
404071200,1610,568,634,579,601
404078400,1350,565,638,576,601
404085600,1145,562,639,573,600
404092800,1074,560,640,571,600
404100000,1046,559,639,570,600
404107200,1058,559,639,570,600
404114400,1011,558,639,570,600
404121600,977,558,639,569,599
404128800,1041,558,638,569,599
404136000,1213,560,636,571,599
404143200,1367,564,634,575,600
404150400,1426,566,634,577,600
404157600,1417,566,635,577,600
404164800,1268,563,638,575,600
404172000,1189,562,639,573,600
404179200,973,560,639,571,600
404186400,913,558,639,569,600
404193600,1008,558,639,569,600
404200800,1065,558,638,569,599
404208000,1073,558,638,570,599
404215200,1086,558,637,570,599
404222400,1197,559,637,571,599
404229600,1099,565,633,574,598
404236800,1091,569,629,576,598
404244000,1109,569,630,578,599
404251200,1105,569,630,577,599
404258400,1095,568,630,577,599
404265600,1022,568,631,577,599
404272800,1001,567,631,576,599
404280000,1000,567,631,576,598
404287200,984,567,631,576,598
404294400,964,567,631,576,598
404301600,969,566,630,576,598
404308800,1056,568,630,578,598
404316000,1133,569,631,579,598
404323200,1139,570,632,581,598
404330400,1144,569,632,580,599
404337600,935,566,635,577,598
404344800,772,564,636,575,597
404352000,754,563,636,574,597
404359200,740,561,636,573,596
404366400,708,561,636,572,596
404373600,700,559,635,571,595
404380800,691,559,635,570,595
404388000,817,559,633,571,595
404395200,980,562,632,573,595
404402400,1155,567,629,576,596
404409600,1201,572,629,580,596
404416800,1150,573,630,581,596
404424000,798,569,634,578,595
404431200,826,567,635,577,595
404438400,807,566,635,576,595
404445600,858,566,634,576,595
404452800,848,566,634,577,595
404460000,839,566,634,577,595
404467200,832,566,634,577,595
404474400,830,566,633,577,595
404481600,979,568,631,578,595
404488800,1032,572,630,581,595
404496000,1103,575,630,585,596
404503200,979,574,632,584,596
404510400,940,572,633,582,595
404517600,859,570,634,581,595
404524800,787,568,634,580,595
404532000,727,567,634,578,595
404539200,660,565,634,577,594
404546400,715,565,633,577,594
404553600,768,565,633,577,594
404560800,808,566,632,577,594
404568000,838,567,632,578,594
404575200,827,568,632,579,594
404582400,848,568,631,579,594
404589600,862,569,631,580,594
404596800,861,569,631,580,594
404604000,853,570,631,581,594
404611200,854,570,631,581,594
404618400,861,570,631,581,594
404625600,866,570,631,581,594
404632800,875,570,631,582,594
404640000,867,571,631,582,594
404647200,878,571,630,582,594
404654400,948,572,629,583,594
404661600,988,574,629,583,594
404668800,977,576,629,584,594
404676000,963,577,630,586,594
404683200,922,576,631,586,594
404690400,923,575,631,586,594
404697600,954,575,631,586,594
404704800,962,575,631,587,594
404712000,951,575,631,587,594
404719200,921,575,631,588,594
404726400,901,575,631,588,594
404733600,972,575,630,589,594
404740800,1046,577,629,591,594
404748000,1107,579,629,594,594
404755200,1216,582,628,598,595
404762400,1196,584,629,600,595
404769600,1110,582,630,600,595
404776800,1101,580,631,600,595
404784000,1054,579,631,600,596
404791200,1068,579,631,600,596
404798400,1083,579,631,601,596
404805600,1081,579,631,601,596
404812800,1077,579,631,602,596
404820000,1133,579,630,603,596
404827200,1409,582,627,606,596
404834400,1502,588,626,611,597
404841600,1599,591,626,616,597
404848800,1683,592,627,617,598
404856000,1274,588,632,615,598
404863200,1141,584,633,612,598
404870400,1075,582,634,611,598
404877600,1041,581,634,610,597
404884800,1044,580,633,610,597
404892000,1048,580,633,610,597
404899200,1045,580,633,610,597
404906400,1104,580,632,610,597
404913600,1267,582,630,612,597
404920800,1550,588,627,616,597
404928000,1556,593,628,620,598
404935200,1578,592,629,620,598
404942400,1183,588,633,617,598
404949600,1139,585,634,615,598
404956800,1093,584,634,614,598
404964000,1029,582,634,613,598
404971200,1052,582,634,613,598
404978400,1086,582,634,613,597
404985600,1038,582,633,612,597
404992800,1138,582,632,612,597
405000000,1440,585,630,616,597
405007200,1552,589,629,619,598
405014400,1649,592,628,622,598
405021600,1529,592,630,622,598
405028800,1259,589,633,620,598
405036000,1234,587,634,618,598
405043200,1197,585,634,616,598
405050400,1162,584,634,615,598
405057600,1140,584,634,615,598
405064800,1166,584,634,615,598
405072000,1133,583,634,614,598
405079200,1186,584,633,614,598
405086400,1284,586,632,616,598
405093600,1433,588,630,619,598
405100800,1408,589,631,620,598
405108000,1417,589,630,620,598
405115200,1168,587,633,618,598
405122400,1027,585,634,615,598
405129600,919,583,634,613,597
405136800,907,582,634,612,597
405144000,874,581,634,611,597
405151200,830,581,634,610,596
405158400,820,580,633,609,596
405165600,1001,580,631,609,596
405172800,1344,583,628,612,597
405180000,1451,590,627,615,597
405187200,1487,595,627,619,598
405194400,1433,594,628,619,598
405201600,973,590,633,616,597
405208800,984,587,634,614,597
405216000,989,585,634,613,597
405223200,935,584,634,612,597
405230400,909,583,634,611,597
405237600,880,582,634,610,596
405244800,840,581,634,609,596
405252000,1049,582,631,609,596
405259200,1371,586,628,613,597
405266400,1484,593,627,617,598
405273600,1473,597,628,620,598
405280800,1354,596,631,619,598
405288000,1025,592,634,616,598
405295200,1063,589,634,614,598
405302400,1114,588,634,614,598
405309600,1100,587,634,613,598
405316800,1008,586,634,612,598
405324000,939,585,634,611,597
405331200,1012,585,634,611,597
405338400,1097,586,633,612,597
405345600,1372,588,630,614,598
405352800,1534,594,628,617,598
405360000,1519,596,629,620,598
405367200,1506,597,630,620,599
405374400,1171,593,634,617,598
405381600,1059,590,635,615,598
405388800,1065,589,635,614,598
405396000,1053,588,635,613,598
405403200,1000,587,635,612,598
405410400,954,586,635,611,598
405417600,934,585,634,610,597
405424800,1010,585,633,610,597
405432000,1304,588,630,613,598
405439200,1410,593,629,617,598
405446400,1487,597,629,619,599
405453600,1361,596,632,619,599
405460800,1112,593,634,616,598
405468000,1084,591,635,614,598
405475200,1069,589,635,613,598
405482400,1014,588,635,612,598
405489600,974,587,635,611,598
405496800,981,586,634,611,598
405504000,1005,586,634,611,598
405511200,1138,586,632,611,598
405518400,1445,590,629,614,598
405525600,1581,596,628,617,599
405532800,1634,600,628,620,599
405540000,1534,600,630,620,599
405547200,1076,595,635,616,599
405554400,1041,591,636,614,599
405561600,1073,590,636,613,599
405568800,1030,588,635,612,599
405576000,1015,587,635,611,599
405583200,978,587,635,610,598
405590400,975,586,635,610,598
405597600,1133,586,632,610,598
405604800,1461,589,629,613,599
405612000,1534,595,629,616,599
405619200,1626,600,628,620,599
405626400,1520,599,631,620,599
405633600,1252,596,634,617,599
405640800,1165,593,635,615,599
405648000,1068,591,636,613,599
405655200,1051,589,636,612,599
405662400,1107,589,635,612,599
405669600,1136,589,635,612,599
405676800,1120,589,635,612,599
405684000,1157,589,634,612,599
405691200,1343,591,633,614,599
405698400,1360,592,633,615,599
405705600,1437,594,632,617,599
405712800,1369,594,633,617,599
405720000,1223,593,634,615,599
405727200,1119,591,635,614,599
405734400,1094,593,633,614,599
405741600,1075,595,631,614,598
405748800,967,594,630,613,598
405756000,955,594,630,611,598
405763200,935,594,632,611,598
405770400,935,594,631,611,598
405777600,954,594,629,611,598
405784800,968,595,627,612,598
405792000,985,595,625,612,598
405799200,926,596,627,612,597
405806400,887,596,630,612,597
405813600,850,596,631,611,597
405820800,855,596,631,611,597
405828000,840,596,631,611,597
405835200,722,596,631,610,596
405842400,678,595,632,609,596
405849600,644,594,632,607,595
405856800,617,593,632,605,595
405864000,691,594,631,605,596
405871200,713,595,630,604,596
405878400,742,596,630,604,595
405885600,712,597,630,603,594
405892800,623,596,632,601,594
405900000,578,596,633,600,594
405907200,563,595,633,598,593
405914400,560,595,633,597,593
405921600,523,594,633,596,592
405928800,474,594,633,594,592
405936000,459,593,633,592,592
405943200,536,592,631,591,592
405950400,715,593,630,593,592
405957600,785,596,629,597,593
405964800,850,599,627,600,593
405972000,875,600,628,601,593
405979200,641,598,631,600,592
405986400,614,597,631,598,592
405993600,699,597,631,598,592
406000800,676,596,631,597,592
406008000,660,596,631,597,592
406015200,625,595,631,596,592
406022400,634,594,631,595,591
406029600,700,593,630,596,592
406036800,778,593,629,597,592
406044000,855,595,628,600,592
406051200,881,597,627,603,593
406058400,867,599,629,604,592
406065600,797,598,630,603,592
406072800,795,598,630,603,592
406080000,804,598,630,603,592
406087200,814,598,629,603,592
406094400,822,599,629,603,593
406101600,823,599,629,603,593
406108800,821,599,629,603,593
406116000,831,599,629,604,593
406123200,867,599,628,604,593
406130400,931,600,627,605,593
406137600,938,601,628,606,594
406144800,907,602,628,606,593
406152000,887,602,629,606,593
406159200,885,602,629,607,593
406166400,883,602,629,607,593
406173600,826,601,629,607,593
406180800,799,601,629,606,593
406188000,839,601,629,606,593
406195200,854,602,629,606,593
406202400,880,602,628,606,593
406209600,932,602,627,607,594
406216800,956,603,627,607,594
406224000,963,604,627,608,594
406231200,942,605,627,609,594
406238400,916,605,628,609,594
406245600,909,605,628,609,594
406252800,906,605,628,609,594
406260000,902,605,628,609,594
406267200,901,605,628,609,594
406274400,899,605,628,609,594
406281600,892,606,628,609,594
406288800,904,606,628,610,594
406296000,982,607,627,610,594
406303200,1040,608,625,610,594
406310400,1063,610,625,612,594
406317600,1090,616,625,615,594
406324800,849,622,628,617,594
406332000,846,625,628,619,594
406339200,863,626,629,621,594
406346400,864,627,629,621,594
406353600,813,627,629,621,594
406360800,812,626,629,620,594
406368000,902,626,629,620,594
406375200,934,626,628,619,594
406382400,1095,629,627,620,594
406389600,1125,633,626,622,594
406396800,1101,638,626,625,594
406404000,1043,645,627,629,594
406411200,997,648,628,631,594
406418400,979,651,628,633,594
406425600,975,652,628,635,594
406432800,921,653,628,636,594
406440000,914,654,628,637,594
406447200,885,654,628,638,594
406454400,953,654,628,639,594
406461600,1012,655,627,639,594
406468800,1115,657,626,641,595
406476000,1216,661,625,645,595
406483200,1232,666,626,649,595
406490400,1143,667,627,650,595
406497600,1113,667,628,649,595
406504800,1127,668,628,650,596
406512000,1107,668,628,650,596
406519200,1101,669,627,651,595
406526400,1097,676,622,655,595
406533600,1084,688,622,664,596
406540800,1031,694,622,672,596
406548000,1030,696,623,678,596
406555200,1067,698,623,682,596
406562400,1142,700,623,686,596
406569600,1176,701,624,689,597
406576800,1089,700,626,689,597
406584000,993,699,627,689,597
406591200,918,697,628,688,597
406598400,949,697,627,688,597
406605600,995,697,627,689,596
406612800,993,697,627,689,596
406620000,992,698,627,689,596
406627200,1004,698,627,689,596
406634400,1013,698,626,690,596
406641600,1054,698,626,690,596
406648800,1165,699,626,691,597
406656000,1200,700,626,692,597
406663200,1170,699,627,691,597
406670400,1152,698,628,690,597
406677600,1143,698,628,690,597
406684800,1142,697,628,689,597
406692000,1128,697,628,689,597
406699200,1137,697,628,688,597
406706400,1127,696,628,688,597
406713600,1142,696,628,687,597
406720800,1150,696,628,687,597
406728000,1159,696,628,687,598
406735200,1157,696,627,687,598
406742400,1171,697,627,688,598
406749600,1153,698,627,687,598
406756800,1126,698,627,687,598
406764000,1076,698,627,686,598
406771200,1069,697,628,686,598
406778400,1042,697,628,685,598
406785600,1013,696,628,685,598
406792800,1021,696,628,685,598
406800000,1060,696,628,684,598
406807200,1077,696,628,684,598
406814400,1194,697,627,685,598
406821600,1374,698,625,686,598
406828800,1359,698,626,686,598
406836000,1233,696,628,685,598
406843200,1049,694,630,683,598
406850400,943,693,630,682,598
406857600,866,691,630,681,597
406864800,771,689,631,680,597
406872000,669,687,631,678,597
406879200,722,683,631,676,596
406886400,732,680,631,673,596
406893600,779,676,630,670,596
406900800,1009,675,628,669,597
406908000,1069,680,626,671,597
406915200,1048,684,627,672,597
406922400,1012,685,627,672,596
406929600,762,684,629,672,595
406936800,769,683,630,671,595
406944000,733,681,630,669,595
406951200,744,677,630,666,595
406958400,721,673,630,661,595
406965600,740,667,630,656,595
406972800,729,659,630,650,595
406980000,802,651,629,645,595
406987200,980,649,628,644,595
406994400,1138,655,626,648,596
407001600,1195,668,625,654,596
407008800,1036,678,627,658,595
407016000,817,679,629,659,595
407023200,802,678,629,660,595
407030400,796,676,630,658,595
407037600,779,674,630,654,595
407044800,849,670,630,650,595
407052000,808,667,630,647,595
407059200,766,662,630,643,595
407066400,874,657,629,641,595
407073600,1013,656,628,642,595
407080800,1058,659,627,646,595
407088000,1076,664,627,652,595
407095200,1035,670,627,657,595
407102400,948,671,628,659,595
407109600,955,672,628,661,595
407116800,979,673,628,663,595
407124000,974,673,628,664,595
407131200,947,674,628,664,595
407138400,929,674,628,664,595
407145600,914,675,628,664,595
407152800,933,675,628,664,595
407160000,983,676,626,665,596
407167200,1009,678,626,666,596
407174400,992,679,627,667,596
407181600,1000,681,627,669,596
407188800,939,680,628,669,596
407196000,879,680,629,669,596
407203200,810,678,630,669,596
407210400,743,674,630,666,596
407217600,736,669,630,662,595
407224800,676,661,631,655,595
407232000,629,648,631,645,595
407239200,689,632,630,633,595
407246400,964,628,627,630,596
407253600,1031,634,626,634,596
407260800,1069,641,626,638,596
407268000,981,646,627,641,595
407275200,697,647,629,640,594
407282400,697,645,630,635,594
407289600,802,640,630,631,594
407296800,877,638,629,632,595
407304000,905,637,629,633,595
407311200,883,637,629,633,595
407318400,868,637,629,634,595
407325600,884,637,629,634,595
407332800,992,638,628,637,595
407340000,1168,645,625,641,596
407347200,1159,657,625,648,596
407354400,994,665,627,651,595
407361600,869,667,629,653,595
407368800,872,671,629,654,595
407376000,864,675,629,655,595
407383200,876,673,629,653,595
407390400,868,670,629,651,595
407397600,891,667,629,648,595
407404800,902,664,629,647,595
407412000,932,660,628,645,595
407419200,1270,660,625,646,596
407426400,1329,667,625,649,596
407433600,1324,674,625,656,596
407440800,1085,676,627,662,596
407448000,937,676,629,663,596
407455200,996,676,629,664,596
407462400,1036,676,629,664,596
407469600,1067,676,629,665,596
407476800,1031,676,629,665,596
407484000,985,676,629,666,596
407491200,991,676,629,666,596
407498400,986,676,629,667,596
407505600,1012,676,628,667,596
407512800,1099,677,627,669,597
407520000,1143,679,627,671,597
407527200,1057,678,628,671,597
407534400,985,677,630,670,597
407541600,1012,676,629,670,597
407548800,963,675,630,669,597
407556000,956,674,630,669,597
407563200,954,674,630,669,597
407570400,984,674,629,669,597
407577600,1018,674,629,669,597
407584800,1012,674,629,669,597
407592000,1034,675,628,669,597
407599200,1047,676,625,671,597
407606400,1101,678,624,672,597
407613600,1117,679,624,672,597
407620800,1105,681,624,673,598
407628000,1089,683,624,674,598
407635200,1065,684,622,675,598
407642400,1034,686,622,676,598
407649600,1012,687,623,676,598
407656800,1024,689,623,678,598
407664000,1028,690,624,679,598
407671200,1026,690,624,680,598
407678400,1044,692,623,681,598
407685600,1134,695,624,684,598
407692800,1224,697,625,686,599
407700000,1174,697,626,687,599
407707200,1095,696,628,686,599
407714400,1053,695,629,686,600
407721600,1090,695,628,686,600
407728800,1118,695,629,687,599
407736000,1081,695,629,687,600
407743200,1055,695,629,687,599
407750400,1067,695,627,688,599
407757600,1097,697,626,689,599
407764800,1119,700,626,691,599
407772000,1139,702,625,693,599
407779200,1144,709,624,698,599
407786400,1131,722,623,710,600
407793600,1094,727,624,720,600
407800800,991,728,624,722,600
407808000,907,725,628,722,600
407815200,821,720,629,720,600
407822400,744,711,630,716,599
407829600,829,702,629,712,599
407836800,865,699,629,709,599
407844000,862,697,629,707,599
407851200,917,697,628,706,599
407858400,948,699,626,706,599
407865600,1001,704,626,709,599
407872800,977,709,626,713,599
407880000,793,708,629,712,598
407887200,796,704,629,710,598
407894400,771,698,630,707,598
407901600,770,692,630,702,598
407908800,843,687,630,698,598
407916000,871,684,629,696,598
407923200,875,682,629,694,598
407930400,888,680,629,692,598
407937600,947,679,629,690,598
407944800,952,679,628,689,598
407952000,960,680,628,690,598
407959200,963,680,627,690,598
407966400,973,681,627,690,598
407973600,995,682,626,690,598
407980800,1017,684,624,691,598
407988000,1039,688,622,695,598
407995200,1069,702,622,714,599
408002400,1095,716,620,728,599
408009600,1108,730,620,743,600
408016800,1093,733,620,747,600
408024000,1103,732,620,747,600
408031200,1130,730,621,746,600
408038400,1190,729,621,746,600
408045600,1170,728,622,744,601
408052800,1075,725,623,742,601
408060000,968,723,624,740,601
408067200,967,721,624,738,601
408074400,943,719,624,737,601
408081600,973,718,623,737,601
408088800,971,718,623,736,601
408096000,946,717,623,735,601
408103200,908,716,623,734,601
408110400,913,716,625,733,600
408117600,927,716,625,733,601
408124800,935,715,625,732,601
408132000,920,714,625,731,601
408139200,827,712,627,730,600
408146400,766,708,628,727,600
408153600,754,703,629,724,600
408160800,731,696,629,719,600
408168000,701,689,629,713,600
408175200,746,683,628,708,600
408182400,801,680,628,706,600
408189600,785,677,628,703,600
408196800,819,675,628,701,600
408204000,869,677,627,700,600
408211200,933,678,625,700,599
408218400,909,679,626,700,599
408225600,861,679,627,699,599
408232800,817,679,628,699,599
408240000,785,678,628,698,599
408247200,723,675,629,696,598
408254400,684,670,629,691,598
408261600,751,664,629,685,598
408268800,728,659,629,680,598
408276000,674,651,629,673,598
408283200,839,642,627,666,599
408290400,829,641,628,664,599
408297600,882,643,627,664,599
408304800,810,641,628,661,598
408312000,637,631,631,653,597
408319200,589,619,632,642,597
408326400,598,611,632,636,597
408333600,619,608,632,633,597
408340800,590,606,632,630,597
408348000,558,603,632,627,597
408355200,524,600,632,625,596
408362400,572,598,631,622,596
408369600,753,599,629,623,597
408376800,835,606,628,625,598
408384000,851,613,628,628,598
408391200,780,614,629,628,597
408398400,719,611,631,627,597
408405600,732,609,631,627,597
408412800,723,608,631,626,597
408420000,707,607,631,626,596
408427200,694,606,631,626,596
408434400,665,606,631,626,596
408441600,627,606,631,625,596
408448800,669,606,631,625,596
408456000,813,607,629,627,597
408463200,854,610,629,629,597
408470400,963,614,628,631,597
408477600,883,616,629,632,597
408484800,780,615,630,631,597
408492000,790,611,631,629,597
408499200,667,608,631,628,596
408506400,632,605,632,626,596
408513600,596,602,632,624,596
408520800,619,600,632,623,596
408528000,711,600,631,623,596
408535200,770,602,631,623,596
408542400,793,603,630,625,596
408549600,843,606,630,626,596
408556800,854,609,630,628,597
408564000,852,610,630,629,597
408571200,864,610,631,629,597
408578400,881,610,631,629,597
408585600,877,610,631,630,597
408592800,887,610,630,630,597
408600000,879,611,631,631,597
408607200,855,610,631,631,597
408614400,866,610,631,631,597
408621600,898,610,630,631,597
408628800,949,612,630,632,597
408636000,971,614,629,633,598
408643200,1008,616,629,635,598
408650400,1000,618,629,637,598
408657600,871,619,630,638,597
408664800,780,617,631,636,597
408672000,715,612,632,632,597
408679200,746,608,632,630,597
408686400,775,607,631,629,597
408693600,845,607,631,629,597
408700800,843,608,631,629,597
408708000,837,608,631,629,597
408715200,1021,610,629,631,597
408722400,1083,615,627,634,598
408729600,1036,620,628,637,598
408736800,1040,623,628,639,598
408744000,897,624,630,641,598
408751200,936,625,630,642,598
408758400,938,626,630,642,598
408765600,935,626,631,642,598
408772800,919,626,631,641,598
408780000,931,624,631,640,598
408787200,907,623,631,640,598
408794400,936,622,631,639,598
408801600,947,623,630,640,599
408808800,972,625,630,642,598
408816000,991,627,629,643,598
408823200,956,628,630,644,599
408830400,943,629,631,644,599
408837600,929,630,631,645,599
408844800,905,630,631,646,599
408852000,866,631,631,646,599
408859200,833,631,632,646,599
408866400,813,630,632,645,599
408873600,805,629,632,645,599
408880800,795,628,632,644,599
408888000,802,626,632,643,599
408895200,808,626,632,643,599
408902400,826,626,631,644,599
408909600,802,626,632,644,599
408916800,772,625,632,643,599
408924000,771,625,632,643,599
408931200,744,624,633,642,599
408938400,744,623,633,642,599
408945600,753,623,633,642,599
408952800,754,622,633,641,599
408960000,750,622,633,641,599
408967200,742,622,633,641,599
408974400,797,622,632,641,599
408981600,904,623,629,642,600
408988800,1017,625,628,643,599
408996000,832,626,630,642,599
409003200,667,624,634,641,599
409010400,787,623,633,640,599
409017600,801,623,633,641,599
409024800,838,623,632,641,599
409032000,866,624,632,641,599
409039200,884,624,632,641,599
409046400,911,624,631,642,599
409053600,947,625,631,642,599
409060800,977,625,628,643,600
409068000,1049,627,627,644,600
409075200,1039,628,628,645,600
409082400,948,629,629,645,600
409089600,793,629,633,645,599
409096800,739,627,634,644,599
409104000,572,624,634,642,598
409111200,485,621,635,640,598
409118400,479,618,635,637,598
409125600,467,615,635,635,598
409132800,419,613,635,632,598
409140000,450,610,635,630,598
409147200,685,610,633,629,599
409154400,761,611,632,629,599
409161600,825,613,631,630,599
409168800,693,613,633,630,598
409176000,490,611,635,629,597
409183200,466,609,635,627,597
409190400,440,608,635,625,597
409197600,404,606,636,623,597
409204800,391,604,636,621,596
409212000,383,602,635,619,596
409219200,372,601,635,618,596
409226400,427,600,635,617,596
409233600,556,601,634,618,596
409240800,617,602,633,619,597
409248000,656,603,633,620,597
409255200,677,604,632,620,597
409262400,575,603,634,620,596
409269600,501,602,634,620,596
409276800,496,601,634,619,595
409284000,612,601,634,619,596
409291200,590,602,634,619,596
409298400,497,601,634,619,595
409305600,537,601,634,619,595
409312800,569,601,634,619,596
409320000,683,601,633,619,596
409327200,775,602,631,620,597
409334400,862,604,630,621,597
409341600,762,604,631,621,596
409348800,579,603,634,620,596
409356000,557,602,634,619,596
409363200,514,601,634,618,595
409370400,522,600,634,618,595
409377600,518,600,634,617,595
409384800,529,599,634,617,595
409392000,545,599,634,616,595
409399200,596,599,633,616,595
409406400,835,599,631,617,596
409413600,1024,601,629,619,597
409420800,999,603,629,620,597
409428000,870,604,631,621,596
409435200,694,603,633,620,596
409442400,689,602,633,620,596
409449600,729,602,633,620,596
409456800,670,602,633,620,596
409464000,598,601,634,619,596
409471200,616,600,634,618,596
409478400,599,600,634,618,596
409485600,645,600,633,618,596
409492800,844,600,632,618,596
409500000,977,601,630,619,597
409507200,1011,603,630,621,597
409514400,918,603,631,622,596
409521600,822,604,632,622,596
409528800,838,604,633,622,596
409536000,827,604,633,622,597
409543200,840,604,633,622,597
409550400,827,605,633,623,597
409557600,809,605,633,623,597
409564800,764,605,633,623,597
409572000,773,605,633,623,597
409579200,786,605,632,623,597
409586400,880,606,630,624,597
409593600,882,607,630,625,598
409600800,834,608,632,625,597
409608000,782,607,633,625,597
409615200,829,607,633,625,597
409622400,820,607,633,625,597
409629600,838,607,633,625,598
409636800,862,608,632,626,598
409644000,878,608,632,626,598
409651200,874,608,632,626,598
409658400,860,609,632,627,598
409665600,899,609,631,627,598
409672800,923,609,629,628,598
409680000,868,610,631,629,598
409687200,826,611,632,629,598
409694400,809,611,633,629,598
409701600,798,611,633,629,598
409708800,672,611,634,629,598
409716000,600,610,634,629,597
409723200,504,610,634,628,597
409730400,459,610,635,628,597
409737600,532,610,634,628,597
409744800,580,609,634,628,598
409752000,644,609,633,628,598
409759200,693,609,633,629,598
409766400,719,609,632,629,598
409773600,682,610,633,629,598
409780800,667,610,634,629,598
409788000,676,610,634,629,598
409795200,691,610,634,629,598
409802400,688,610,634,629,598
409809600,677,610,634,629,598
409816800,674,610,634,629,598
409824000,679,610,634,629,598
409831200,694,610,634,629,598
409838400,752,610,633,629,598
409845600,841,610,631,629,599
409852800,834,610,632,630,599
409860000,788,611,633,630,598
409867200,712,611,634,630,598
409874400,697,611,634,630,598
409881600,708,611,634,630,598
409888800,687,611,634,630,598
409896000,693,611,634,630,598
409903200,678,611,634,630,598
409910400,693,611,634,630,598
409917600,672,611,634,630,598
409924800,748,611,633,630,599
409932000,832,611,630,631,599
409939200,853,611,629,631,599
409946400,759,611,631,631,599
409953600,678,612,634,631,598
409960800,681,612,634,631,598
409968000,680,612,634,631,598
409975200,672,612,635,631,598
409982400,664,612,634,631,598
409989600,659,612,634,631,598
409996800,648,612,634,631,599
410004000,646,612,634,631,598
410011200,681,612,633,631,599
410018400,704,612,633,631,599
410025600,692,612,633,631,599
410032800,676,612,634,631,599
410040000,661,612,635,631,599
410047200,654,612,635,631,599
410054400,645,612,635,631,599
410061600,635,612,635,631,599
410068800,630,612,635,631,599
410076000,622,612,635,631,599
410083200,607,611,635,631,599
410090400,570,611,635,630,598
410097600,685,611,633,631,599
410104800,761,611,632,631,599
410112000,768,612,633,631,599
410119200,741,612,633,631,599
410126400,607,612,635,631,599
410133600,594,612,635,631,598
410140800,600,612,635,631,598
410148000,614,612,635,631,599
410155200,595,612,635,631,599
410162400,558,611,635,631,598
410169600,587,611,635,630,598
410176800,587,611,635,630,599
410184000,709,611,633,631,599
410191200,822,611,631,631,599
410198400,903,611,629,631,600
410205600,771,612,630,631,599
410212800,498,612,635,631,598
410220000,457,612,636,631,598
410227200,428,612,636,630,598
410234400,443,611,636,630,598
410241600,505,611,636,630,598
410248800,488,610,636,630,598
410256000,509,610,636,629,598
410263200,460,610,636,629,598
410270400,590,610,634,629,598
410277600,700,610,632,630,599
410284800,731,610,631,630,599
410292000,744,611,631,630,599
410299200,483,611,636,630,598
410306400,542,611,636,630,598
410313600,548,611,636,630,598
410320800,554,611,636,630,598
410328000,553,611,636,630,598
410335200,553,611,636,630,598
410342400,499,610,636,629,598
410349600,446,610,636,629,598
410356800,617,610,634,629,598
410364000,699,610,632,630,599
410371200,692,611,631,630,599
410378400,657,611,632,630,599
410385600,397,611,636,630,598
410392800,378,611,637,629,597
410400000,379,610,637,629,597
410407200,378,610,637,629,597
410414400,378,609,637,628,597
410421600,400,609,637,628,597
410428800,417,608,636,627,598
410436000,424,608,636,627,598
410443200,573,608,634,628,599
410450400,678,608,633,628,599
410457600,755,608,631,628,599
410464800,648,609,633,628,598
410472000,385,609,636,627,597
410479200,381,609,637,627,597
410486400,390,608,637,627,597
410493600,407,608,636,627,597
410500800,394,607,636,626,597
410508000,412,607,636,626,597
410515200,400,606,636,626,597
410522400,423,606,635,625,597
410529600,643,606,633,626,598
410536800,781,606,631,626,599
410544000,830,607,629,626,599
410551200,729,608,632,627,598
410558400,504,608,635,626,597
410565600,498,608,636,626,597
410572800,493,608,636,626,597
410580000,480,607,636,626,597
410587200,444,607,636,626,597
410594400,434,606,636,625,597
410601600,417,606,636,625,597
410608800,449,606,635,625,597
410616000,696,606,633,625,598
410623200,767,606,632,626,598
410630400,855,606,629,626,599
410637600,758,607,631,626,598
410644800,433,607,635,626,597
410652000,417,607,636,625,597
410659200,411,606,636,625,597
410666400,403,606,636,625,597
410673600,409,605,636,624,597
410680800,405,605,636,624,597
410688000,414,604,636,624,597
410695200,440,604,635,623,597
410702400,666,604,633,624,598
410709600,813,605,631,624,598
410716800,899,605,629,625,598
410724000,826,606,631,625,598
410731200,543,606,635,625,597
410738400,542,606,636,625,597
410745600,556,606,636,625,597
410752800,574,606,635,624,597
410760000,596,606,635,624,597
410767200,601,605,635,624,597
410774400,638,605,635,624,597
410781600,676,605,635,624,597
410788800,800,605,634,624,597
410796000,900,606,632,625,598
410803200,926,606,631,625,598
410810400,878,607,632,625,598
410817600,701,607,634,625,597
410824800,572,607,635,625,597
410832000,483,607,635,625,597
410839200,478,606,635,625,597
410846400,469,606,636,624,597
410853600,477,605,636,624,597
410860800,511,605,635,624,597
410868000,531,605,635,624,597
410875200,640,605,634,624,597
410882400,680,605,633,624,598
410889600,708,605,633,624,598
410896800,659,606,633,624,597
410904000,605,606,635,624,597
410911200,491,605,635,624,597
410918400,489,605,635,624,597
410925600,547,605,635,624,597
410932800,626,605,635,624,597
410940000,668,605,635,624,597
410947200,673,605,634,624,597
410954400,675,605,634,624,597
410961600,737,605,633,624,597
410968800,777,606,633,624,598
410976000,772,606,633,625,598
410983200,733,606,633,625,597
410990400,731,607,634,625,597
410997600,766,607,634,625,597
411004800,790,607,634,625,598
411012000,808,607,634,625,598
411019200,835,607,633,625,598
411026400,835,607,633,626,598
411033600,838,608,633,626,598
411040800,860,608,633,626,598
411048000,957,608,631,626,598
411055200,1047,608,629,627,599
411062400,1093,609,628,628,599
411069600,985,610,630,628,598
411076800,838,610,632,628,598
411084000,829,610,633,628,598
411091200,867,610,633,628,598
411098400,901,610,633,629,598
411105600,931,610,632,629,598
411112800,907,610,632,629,599
411120000,927,611,632,629,599
411127200,926,611,631,629,599
411134400,969,611,625,629,599
411141600,938,612,627,630,599
411148800,803,612,631,630,599
411156000,747,612,632,630,599
411163200,710,613,633,630,599
411170400,690,613,633,630,599
411177600,683,613,633,630,599
411184800,662,613,633,630,599
411192000,621,613,633,630,599
411199200,572,612,633,630,599
411206400,546,612,634,630,599
411213600,523,612,634,630,598
411220800,518,612,634,630,599
411228000,520,612,634,630,599
411235200,515,611,633,630,599
411242400,496,610,634,629,598
411249600,484,609,635,629,598
411256800,489,609,635,628,598
411264000,485,608,635,628,598
411271200,476,607,635,627,598
411278400,455,607,635,627,598
411285600,421,606,635,626,598
411292800,401,606,635,626,598
411300000,400,606,634,626,598
411307200,452,606,633,627,598
411314400,489,605,632,627,599
411321600,512,605,632,627,599
411328800,490,605,634,626,598
411336000,435,605,635,626,598
411343200,367,604,635,625,597
411350400,305,603,635,625,597
411357600,273,603,635,625,596
411364800,275,603,635,624,596
411372000,291,602,635,624,596
411379200,280,602,635,624,596
411386400,284,601,634,624,596
411393600,422,602,633,625,598
411400800,478,601,631,625,598
411408000,480,601,631,625,599
411415200,501,601,631,625,598
411422400,257,600,634,623,596
411429600,262,600,635,622,596
411436800,273,600,634,622,596
411444000,275,599,634,622,596
411451200,284,599,634,622,596
411458400,281,598,634,622,596
411465600,240,598,634,621,595
411472800,291,598,634,621,596
411480000,375,598,633,622,597
411487200,449,599,632,623,597
411494400,445,598,632,622,598
411501600,419,598,633,622,597
411508800,398,598,633,622,596
411516000,355,598,633,621,596
411523200,403,598,633,621,596
411530400,409,598,633,621,596
411537600,412,598,632,621,596
411544800,405,598,632,621,596
411552000,411,598,632,621,596
411559200,445,598,632,621,596
411566400,514,598,630,621,596
411573600,569,599,629,622,597
411580800,598,599,628,622,597
411588000,541,599,629,622,597
411595200,490,599,631,622,596
411602400,442,599,631,621,596
411609600,492,599,631,622,596
411616800,504,599,631,622,596
411624000,505,599,631,622,596
411631200,524,599,631,622,596
411638400,501,599,631,622,596
411645600,527,599,631,622,596
411652800,603,599,630,622,597
411660000,674,600,628,622,597
411667200,661,600,627,622,597
411674400,618,600,630,622,597
411681600,559,600,631,622,596
411688800,525,600,631,622,596
411696000,502,600,631,622,596
411703200,572,600,631,622,596
411710400,555,601,631,622,596
411717600,438,600,631,622,596
411724800,389,600,632,622,595
411732000,443,600,631,622,596
411739200,589,600,630,622,596
411746400,735,601,627,623,597
411753600,795,601,626,623,598
411760800,721,601,627,623,597
411768000,509,601,631,622,596
411775200,490,601,632,622,596
411782400,470,601,632,622,596
411789600,444,601,632,622,596
411796800,457,601,632,622,596
411804000,463,600,632,622,596
411811200,443,600,632,622,596
411818400,491,600,631,622,596
411825600,686,600,629,623,597
411832800,771,600,627,623,597
411840000,866,600,624,623,597
411847200,738,601,627,623,597
411854400,471,601,631,622,596
411861600,449,601,632,622,595
411868800,428,601,632,622,595
411876000,425,600,632,622,595
411883200,426,600,632,622,595
411890400,438,600,632,622,595
411897600,453,600,632,622,596
411904800,483,600,631,622,596
411912000,670,600,630,622,597
411919200,877,600,625,623,597
411926400,933,600,624,623,597
411933600,825,600,626,623,597
411940800,538,601,631,622,596
411948000,498,601,632,622,595
411955200,483,601,632,622,595
411962400,478,601,632,622,595
411969600,486,601,632,622,595
411976800,480,600,632,622,595
411984000,510,600,632,622,595
411991200,507,600,631,622,596
411998400,716,600,629,622,597
412005600,835,600,626,623,597
412012800,910,600,624,623,597
412020000,830,601,626,623,597
412027200,526,601,631,622,596
412034400,495,601,632,622,595
412041600,492,601,632,622,595
412048800,491,601,632,622,595
412056000,486,601,632,622,595
412063200,472,600,632,622,595
412070400,460,600,633,622,595
412077600,491,600,632,622,595
412084800,698,600,630,622,596
412092000,855,600,626,622,597
412099200,932,600,624,623,597
412106400,882,601,626,623,597
412113600,582,601,631,622,596
412120800,497,601,632,622,595
412128000,462,601,633,622,595
412135200,458,601,633,622,595
412142400,450,600,633,622,595
412149600,432,600,633,622,595
412156800,448,600,633,622,595
412164000,499,600,632,622,595
412171200,767,600,629,622,596
412178400,928,600,625,622,597
412185600,1071,600,624,623,597
412192800,983,601,627,622,596
412200000,640,601,631,622,596
412207200,656,601,632,622,596
412214400,645,601,632,622,595
412221600,685,601,632,622,596
412228800,684,601,632,622,596
412236000,615,601,632,622,595
412243200,659,601,632,622,596
412250400,688,601,631,622,596
412257600,806,601,630,622,596
412264800,987,601,627,623,597
412272000,1052,601,626,623,597
412279200,981,602,628,623,596
412286400,833,602,630,623,596
412293600,810,602,631,623,596
412300800,791,602,632,623,596
412308000,741,603,632,623,596
412315200,759,603,632,623,596
412322400,771,603,632,623,596
412329600,801,603,632,623,596
412336800,780,603,632,623,596
412344000,837,603,630,624,596
412351200,917,603,627,624,597
412358400,976,603,626,624,597
412365600,944,604,628,624,597
412372800,914,604,630,624,597
412380000,908,604,631,624,597
412387200,881,605,631,625,597
412394400,866,605,631,625,597
412401600,864,606,631,625,597
412408800,887,606,631,625,597
412416000,910,606,631,625,597
412423200,930,606,631,625,597
412430400,965,606,629,626,597
412437600,985,607,628,626,598
412444800,990,607,628,626,598
412452000,966,607,628,626,598
412459200,960,607,629,626,598
412466400,958,608,630,626,598
412473600,960,608,630,627,598
412480800,961,608,629,627,598
412488000,961,609,629,627,598
412495200,958,609,628,627,598
412502400,958,609,627,627,598
412509600,961,610,626,628,598
412516800,982,610,626,628,599
412524000,997,610,624,628,599
412531200,1011,610,624,629,599
412538400,992,611,625,629,599
412545600,974,611,625,630,599
412552800,975,611,625,631,599
412560000,976,611,625,631,599
412567200,973,612,625,632,599
412574400,967,612,625,633,599
412581600,957,612,625,633,599
412588800,937,612,626,634,599
412596000,885,613,628,634,599
412603200,906,613,628,634,600
412610400,928,614,627,635,600
412617600,905,614,628,636,600
412624800,870,614,630,636,600
412632000,822,614,631,636,600
412639200,798,615,631,636,600
412646400,789,615,631,637,600
412653600,756,615,632,637,600
412660800,746,615,632,637,600
412668000,733,615,632,638,600
412675200,701,615,632,638,600
412682400,630,615,633,638,600
412689600,720,615,631,638,600
412696800,808,615,629,638,601
412704000,847,615,627,639,601
412711200,852,615,628,639,601
412718400,654,615,633,638,600
412725600,643,615,634,638,600
412732800,651,615,634,638,600
412740000,671,615,634,638,600
412747200,677,615,634,638,600
412754400,680,614,634,638,600
412761600,655,614,634,638,600
412768800,653,614,633,638,600
412776000,731,614,632,638,600
412783200,846,614,629,639,601
412790400,854,614,627,639,601
412797600,761,614,631,638,600
412804800,628,614,634,638,600
412812000,622,614,634,638,600
412819200,626,614,634,638,600
412826400,649,614,634,638,600
412833600,676,614,634,638,600
412840800,667,613,634,638,600
412848000,687,613,634,638,600
412855200,709,613,633,638,600
412862400,768,613,631,638,601
412869600,843,613,629,639,601
412876800,891,613,628,639,601
412884000,898,613,628,639,601
412891200,668,613,633,638,600
412898400,621,613,634,638,600
412905600,583,614,634,638,600
412912800,611,613,634,638,600
412920000,614,613,634,638,600
412927200,615,613,634,638,600
412934400,708,613,634,638,600
412941600,752,612,633,638,600
412948800,825,612,632,638,601
412956000,879,612,630,638,601
412963200,948,612,628,638,601
412970400,914,612,629,638,601
412977600,864,613,632,638,601
412984800,864,613,633,638,601
412992000,840,613,633,638,601
412999200,828,613,633,638,601
413006400,723,613,633,638,601
413013600,660,613,634,638,601
413020800,723,613,633,638,601
413028000,749,613,633,638,601
413035200,827,613,631,639,601
413042400,900,613,629,639,602
413049600,908,613,629,639,601
413056800,880,613,630,639,601
413064000,836,614,632,639,601
413071200,849,614,633,639,601
413078400,830,614,633,639,601
413085600,813,614,633,639,601
413092800,792,614,633,639,601
413100000,790,614,633,639,601
413107200,793,614,633,639,601
413114400,799,615,633,639,601
413121600,835,615,632,639,601
413128800,938,614,629,639,602
413136000,925,615,629,640,602
413143200,870,615,630,640,601
413150400,828,615,633,639,601
413157600,722,615,633,639,601
413164800,652,615,634,640,601
413172000,659,615,634,640,601
413179200,673,615,634,640,601
413186400,707,615,634,640,601
413193600,757,615,634,639,601
413200800,788,615,633,639,601
413208000,845,614,632,640,602
413215200,974,614,629,640,602
413222400,990,615,629,640,602
413229600,878,615,630,640,602
413236800,816,615,632,639,601
413244000,798,615,633,639,601
413251200,781,615,634,640,602
413258400,771,615,634,640,602
413265600,764,615,634,640,602
413272800,777,615,634,640,602
413280000,791,615,634,640,602
413287200,801,615,633,640,602
413294400,846,615,631,640,602
413301600,878,615,630,640,602
413308800,886,615,630,640,602
413316000,851,616,632,640,602
413323200,813,616,633,640,602
413330400,811,616,634,640,602
413337600,818,616,634,640,602
413344800,834,616,634,640,602
413352000,842,616,634,640,602
413359200,844,616,634,640,602
413366400,825,616,634,640,602
413373600,803,616,633,640,602
413380800,946,616,631,641,602
413388000,1041,616,629,641,603
413395200,1110,617,628,641,603
413402400,1028,617,630,641,603
413409600,867,617,632,641,602
413416800,786,617,633,641,602
413424000,741,617,634,641,602
413431200,695,618,635,641,602
413438400,647,617,635,642,602
413445600,627,617,635,642,602
413452800,616,617,635,642,602
413460000,635,616,635,641,602
413467200,807,616,633,642,603
413474400,909,616,630,642,603
413481600,916,616,629,642,603
413488800,829,616,632,641,603
413496000,790,616,634,641,602
413503200,789,616,635,641,602
413510400,784,617,635,642,602
413517600,784,617,635,642,602
413524800,794,617,635,642,603
413532000,803,616,634,642,603
413539200,762,616,635,642,603
413546400,806,616,634,642,603
413553600,956,616,631,642,603
413560800,963,616,629,642,604
413568000,974,617,629,642,603
413575200,925,617,631,642,603
413582400,789,617,634,642,603
413589600,761,617,635,642,603
413596800,793,618,635,642,603
413604000,780,618,635,642,603
413611200,741,617,635,642,603
413618400,761,617,635,642,603
413625600,811,617,635,642,603
413632800,812,617,634,642,603
413640000,908,617,632,642,603
413647200,951,617,631,642,604
413654400,946,617,632,642,604
413661600,938,617,633,642,603
413668800,904,617,634,642,603
413676000,872,618,635,642,603
413683200,839,618,635,642,603
413690400,804,618,634,641,603
413697600,795,618,634,641,603
413704800,785,617,633,640,603
413712000,784,617,633,640,603
413719200,773,617,633,639,603
413726400,849,616,631,639,603
413733600,910,616,630,639,604
413740800,924,616,629,639,604
413748000,918,617,630,639,604
413755200,814,617,633,639,603
413762400,799,617,634,639,603
413769600,793,617,633,639,603
413776800,776,617,634,639,603
413784000,790,617,634,639,603
413791200,761,616,634,639,603
413798400,743,616,634,638,603
413805600,732,616,633,638,603
413812800,773,616,632,638,603
413820000,859,616,630,638,604
413827200,881,616,630,638,604
413834400,858,616,630,638,604
413841600,706,616,633,637,603
413848800,636,616,634,637,603
413856000,573,616,635,637,603
413863200,542,615,635,637,603
413870400,495,615,635,637,603
413877600,477,614,635,636,603
413884800,431,613,635,635,602
413892000,435,612,634,635,603
413899200,664,612,631,635,604
413906400,782,612,628,636,604
413913600,856,611,628,636,604
413920800,816,612,630,635,604
413928000,606,612,634,635,603
413935200,487,612,636,635,603
413942400,551,612,635,635,603
413949600,586,611,635,635,603
413956800,617,611,635,634,603
413964000,642,611,635,634,603
413971200,657,611,635,634,603
413978400,678,610,634,634,603
413985600,809,610,630,634,604
413992800,870,610,628,635,604
414000000,874,611,628,635,604
414007200,794,611,631,634,604
414014400,739,611,633,634,603
414021600,712,611,634,634,603
414028800,715,612,634,634,603
414036000,715,612,634,634,603
414043200,730,612,634,634,603
414050400,740,611,634,634,603
414057600,740,611,634,634,603
414064800,756,611,633,634,603
414072000,784,611,632,634,604
414079200,815,611,631,635,604
414086400,869,612,629,635,604
414093600,836,612,631,635,604
414100800,822,612,633,635,604
414108000,830,612,634,635,604
414115200,816,613,634,635,604
414122400,760,613,634,635,604
414129600,684,613,634,635,604
414136800,776,613,634,635,604
414144000,652,612,634,635,604
414151200,642,612,634,635,604
414158400,822,612,630,635,604
414165600,901,612,628,636,605
414172800,1011,612,627,636,605
414180000,1018,613,627,636,605
414187200,739,613,632,635,604
414194400,634,613,635,635,603
414201600,623,613,635,635,603
414208800,610,613,635,635,604
414216000,630,612,634,635,604
414223200,573,612,635,635,603
414230400,577,611,635,634,603
414237600,612,611,634,634,603
414244800,800,611,631,634,604
414252000,893,611,629,634,605
414259200,959,611,628,635,605
414266400,978,611,629,635,605
414273600,777,612,632,634,604
414280800,685,612,634,634,604
414288000,674,612,634,634,603
414295200,769,612,634,635,604
414302400,803,612,634,635,604
414309600,812,612,634,634,604
414316800,818,612,634,634,604
414324000,843,612,633,634,604
414331200,921,612,631,635,604
414338400,975,612,628,635,605
414345600,1052,613,627,635,605
414352800,1023,613,628,636,605
414360000,923,613,630,636,604
414367200,903,614,631,636,604
414374400,898,614,632,636,604
414381600,847,614,632,636,604
414388800,815,614,633,636,604
414396000,818,614,634,636,604
414403200,738,614,634,636,604
414410400,722,614,633,636,604
414417600,956,614,629,636,605
414424800,977,614,629,637,605
414432000,948,614,630,637,605
414439200,1021,614,629,637,605
414446400,813,615,633,637,604
414453600,721,615,635,637,604
414460800,746,615,635,637,604
414468000,682,615,635,636,604
414475200,613,614,636,636,604
414482400,562,613,636,636,604
414489600,494,613,636,635,604
414496800,551,612,635,635,604
414504000,777,612,631,635,605
414511200,891,612,629,636,605
414518400,944,612,628,636,605
414525600,871,612,630,635,605
414532800,750,612,634,635,604
414540000,707,613,635,635,604
414547200,659,613,635,635,604
414554400,623,613,636,635,604
414561600,668,612,635,635,604
414568800,673,612,635,634,604
414576000,668,611,635,634,604
414583200,741,611,634,634,604
414590400,894,611,631,634,605
414597600,941,611,630,634,605
414604800,893,611,631,634,605
414612000,894,612,633,634,605
414619200,864,612,634,634,604
414626400,853,612,634,634,604
414633600,798,613,634,634,604
414640800,775,613,635,634,604
414648000,728,612,635,634,604
414655200,789,612,635,634,604
414662400,799,612,635,634,604
414669600,824,612,634,634,604
414676800,891,612,631,634,605
414684000,1005,612,628,635,605
414691200,999,613,629,635,605
414698400,971,613,629,635,605
414705600,882,614,632,635,604
414712800,850,614,633,635,604
414720000,831,614,634,635,604
414727200,825,614,634,635,604
414734400,781,614,634,635,604
414741600,718,614,634,635,604
414748800,676,614,635,635,604
414756000,682,613,633,634,604
414763200,826,613,630,635,605
414770400,931,613,628,635,605
414777600,937,613,628,635,605
414784800,871,614,629,635,605
414792000,747,614,632,635,604
414799200,737,614,634,635,604
414806400,683,614,634,635,604
414813600,688,614,634,635,604
414820800,628,614,634,635,604
414828000,550,614,635,634,604
414835200,605,613,635,634,604
414842400,634,613,634,634,604
414849600,773,613,632,634,605
414856800,830,613,629,635,605
414864000,839,613,630,635,605
414871200,856,613,631,634,605
414878400,815,613,633,634,604
414885600,818,614,634,634,605
414892800,811,614,634,634,605
414900000,805,614,633,634,605
414907200,807,614,632,634,605
414914400,797,614,631,634,605
414921600,795,614,631,634,605
414928800,806,614,630,634,605
414936000,817,614,629,635,605
414943200,824,614,628,635,605
414950400,812,614,628,635,605
414957600,797,614,629,635,605
414964800,727,614,631,635,605
414972000,698,614,631,634,605
414979200,665,614,631,634,605
414986400,655,614,631,634,605
414993600,651,614,632,634,605
415000800,646,614,631,634,605
415008000,622,614,631,634,605
415015200,677,614,630,634,605
415022400,760,614,628,635,606
415029600,865,614,627,635,606
415036800,948,615,627,635,606
415044000,1015,614,627,635,606
415051200,756,614,631,634,605
415058400,547,614,633,634,605
415065600,548,614,633,634,605
415072800,646,614,633,634,605
415080000,667,614,633,634,605
415087200,684,614,632,634,605
415094400,688,614,632,634,605
415101600,641,614,631,634,605
415108800,699,614,630,634,605
415116000,793,614,628,634,606
415123200,801,614,628,634,606
415130400,796,614,629,634,606
415137600,726,614,631,634,605
415144800,706,614,632,634,605
415152000,678,614,632,634,605
415159200,551,614,632,633,605
415166400,545,614,632,633,605
415173600,537,614,632,633,605
415180800,562,614,632,633,605
415188000,584,614,631,633,605
415195200,727,614,628,634,606
415202400,757,614,627,634,606
415209600,829,614,627,634,606
415216800,747,614,628,634,606
415224000,529,614,631,633,605
415231200,465,614,633,633,605
415238400,490,614,633,633,605
415245600,516,614,632,633,605
415252800,633,614,632,633,605
415260000,673,614,632,633,605
415267200,665,614,632,633,605
415274400,675,614,631,633,605
415281600,712,614,629,634,606
415288800,790,614,627,634,606
415296000,908,614,627,634,606
415303200,812,614,628,634,606
415310400,722,614,631,633,605
415317600,690,614,632,633,605
415324800,675,614,632,633,605
415332000,706,614,632,633,605
415339200,687,614,632,633,605
415346400,684,614,632,633,605
415353600,667,614,632,633,605
415360800,694,614,631,633,605
415368000,767,614,629,634,606
415375200,849,614,627,634,606
415382400,846,615,628,634,606
415389600,812,614,629,634,606
415396800,767,614,631,634,605
415404000,756,615,632,634,605
415411200,714,615,632,634,605
415418400,683,615,632,634,605
415425600,729,615,632,634,605
415432800,703,615,632,634,605
415440000,754,615,632,634,605
415447200,813,615,630,634,606
415454400,929,615,628,634,606
415461600,992,615,627,635,606
415468800,983,615,627,635,606
415476000,922,615,628,635,606
415483200,875,615,629,634,605
415490400,874,615,630,634,605
415497600,873,615,631,634,605
415504800,868,615,631,635,606
415512000,873,616,631,635,606
415519200,883,616,631,635,606
415526400,875,616,631,635,606
415533600,919,616,630,635,606
415540800,1018,616,628,635,606
415548000,1095,616,627,636,606
415555200,1174,617,627,636,606
415562400,1068,616,627,636,606
415569600,985,616,627,636,606
415576800,970,616,628,636,606
415584000,978,617,628,637,606
415591200,971,617,628,637,606
415598400,964,617,628,637,606
415605600,965,617,628,637,606
415612800,956,617,628,638,606
415620000,970,617,628,638,606
415627200,1005,618,627,638,606
415634400,1043,618,627,639,607
415641600,1082,618,627,639,607
415648800,1003,618,627,639,607
415656000,873,618,628,639,606
415663200,784,618,631,639,606
415670400,735,619,632,639,606
415677600,688,619,633,639,606
415684800,660,620,633,639,606
415692000,638,620,633,639,606
415699200,662,620,633,639,606
415706400,678,620,631,639,606
415713600,822,620,629,640,607
415720800,886,620,629,640,607
415728000,890,620,629,640,607
415735200,916,620,629,640,607
415742400,721,620,632,639,606
415749600,641,619,634,639,606
415756800,617,619,634,639,606
415764000,647,619,634,639,606
415771200,592,619,634,639,606
415778400,533,619,634,639,606
415785600,511,618,634,638,606
415792800,593,618,633,638,606
415800000,764,618,630,639,607
415807200,894,618,629,639,607
415814400,940,618,629,638,607
415821600,928,618,630,638,607
415828800,815,618,632,637,606
415836000,774,618,633,637,606
415843200,730,618,634,637,606
415850400,710,618,634,637,606
415857600,744,618,634,637,606
415864800,831,618,633,637,606
415872000,875,618,633,637,606
415879200,942,618,632,637,606
415886400,962,617,630,637,606
415893600,1001,618,628,637,607
415900800,1016,618,628,637,607
415908000,991,618,627,637,607
415915200,963,618,627,637,607
415922400,947,618,628,637,607
415929600,908,618,629,637,606
415936800,802,618,631,638,606
415944000,695,619,632,638,606
415951200,687,619,632,638,606
415958400,738,619,632,638,606
415965600,807,619,631,638,606
415972800,884,619,629,638,607
415980000,983,619,629,639,607
415987200,1012,619,628,639,607
415994400,958,619,629,639,607
416001600,802,619,631,638,606
416008800,777,619,633,638,606
416016000,824,619,633,639,606
416023200,833,619,633,639,606
416030400,815,619,633,639,606
416037600,855,619,633,639,607
416044800,861,620,632,639,607
416052000,884,620,631,639,607
416059200,926,620,630,639,607
416066400,1019,620,629,640,607
416073600,1123,621,629,640,607
416080800,1144,620,629,640,608
416088000,972,620,629,639,607
416095200,849,620,631,639,607
416102400,838,620,632,639,607
416109600,812,620,633,640,607
416116800,780,620,633,639,607
416124000,784,620,633,639,607
416131200,792,620,633,639,607
416138400,817,620,631,639,607
416145600,946,620,629,639,608
416152800,1012,621,629,639,608
416160000,1063,621,629,639,608
416167200,1123,621,629,639,608
416174400,944,620,630,639,607
416181600,812,621,633,639,607
416188800,772,621,633,639,607
416196000,722,621,634,639,607
416203200,758,621,633,639,607
416210400,644,621,634,639,607
416217600,628,620,634,639,607
416224800,704,620,632,639,607
416232000,910,620,629,639,608
416239200,1036,621,629,639,608
416246400,1096,620,629,639,608
416253600,1000,620,629,639,608
416260800,925,620,630,639,607
416268000,866,620,632,639,607
416275200,833,620,632,639,607
416282400,820,620,633,639,607
416289600,804,620,633,639,607
416296800,801,620,633,639,607
416304000,756,620,633,639,607
416311200,825,620,631,639,607
416318400,1056,620,629,639,608
416325600,1114,621,629,640,608
416332800,1189,621,629,640,608
416340000,1223,621,628,642,608
416347200,1006,622,628,671,608
416354400,885,623,629,701,608
416361600,822,624,631,711,608
416368800,789,625,632,712,608
416376000,744,626,633,711,608
416383200,706,627,634,709,608
416390400,669,627,634,708,608
416397600,822,628,632,707,608
416404800,995,628,630,705,609
416412000,1071,629,630,704,609
416419200,1111,630,629,703,609
416426400,1058,630,629,704,609
416433600,971,630,629,715,609
416440800,909,630,630,725,609
416448000,908,631,631,729,609
416455200,874,631,632,730,609
416462400,842,631,632,729,609
416469600,828,632,632,728,609
416476800,829,632,632,727,609
416484000,922,632,632,727,609
416491200,1085,633,630,727,609
416498400,1177,634,630,726,609
416505600,1175,634,630,744,609
416512800,1137,635,629,784,609
416520000,1029,635,630,787,609
416527200,1029,635,630,778,609
416534400,1005,636,630,774,609
416541600,946,636,630,772,609
416548800,964,636,631,770,609
416556000,914,637,631,767,609
416563200,924,637,632,766,610
416570400,1053,638,631,765,610
416577600,1185,639,630,764,609
416584800,1275,641,630,805,608
416592000,1179,643,631,866,609
416599200,1136,648,631,877,609
416606400,1053,660,631,832,610
416613600,1027,670,631,819,610
416620800,1021,676,631,811,610
416628000,1022,680,631,806,611
416635200,1016,683,631,802,611
416642400,957,685,632,799,612
416649600,938,686,632,796,614
416656800,973,687,632,794,616
416664000,1184,689,632,792,619
416671200,1274,691,632,851,621
416678400,1253,703,632,894,628
416685600,1193,730,632,906,688
416692800,1089,752,632,875,743
416700000,1020,757,633,841,749
416707200,1003,755,633,830,750
416714400,985,752,633,824,750
416721600,975,750,634,818,749
416728800,922,748,634,815,748
416736000,944,746,634,811,748
416743200,1059,744,633,809,747
416750400,1175,744,633,807,746
416757600,1185,745,633,845,746
416764800,1252,763,634,899,752
416772000,1202,804,633,895,762
416779200,1098,805,633,854,765
416786400,994,792,633,842,764
416793600,1009,781,633,834,762
416800800,1008,774,633,828,760
416808000,965,769,634,824,759
416815200,921,765,635,820,757
416822400,817,762,638,816,756
416829600,875,759,641,814,755
416836800,929,757,644,812,755
416844000,949,757,650,812,754
416851200,986,757,655,814,754
416858400,992,759,662,817,754
416865600,869,758,669,817,754
416872800,680,757,678,814,753
416880000,668,755,685,811,753
416887200,634,753,692,809,752
416894400,637,751,698,806,751
416901600,586,749,703,804,750
416908800,556,748,707,801,750
416916000,711,746,709,799,750
416923200,942,745,710,797,750
416930400,982,745,711,797,749
416937600,1094,746,713,804,749
416944800,1070,752,714,828,749
416952000,982,759,714,827,751
416959200,806,759,717,820,752
416966400,728,757,721,815,752
416973600,619,755,723,811,752
416980800,620,753,726,808,751
416988000,628,751,727,804,751
416995200,613,749,728,801,750
417002400,807,746,727,798,750
417009600,1015,745,727,797,750
417016800,1122,745,727,797,750
417024000,1158,748,728,816,750
417031200,1203,763,728,830,751
417038400,963,773,728,826,753
417045600,893,770,733,820,754
417052800,863,765,737,815,754
417060000,807,761,740,811,754
417067200,844,759,741,808,753
417074400,877,756,741,805,753
417081600,900,754,741,803,752
417088800,922,753,740,801,752
417096000,963,752,739,801,751
417103200,1006,752,739,801,751
417110400,1003,751,740,800,751
417117600,995,751,739,801,750
417124800,988,752,739,812,750
417132000,1016,754,739,816,750
417139200,1000,758,740,821,752
417146400,976,762,741,822,753
417153600,961,761,742,818,754
417160800,903,759,743,813,754
417168000,866,757,745,810,754
417175200,914,755,745,807,754
417182400,1009,755,746,807,754
417189600,1051,756,747,816,754
417196800,1042,761,747,824,755
417204000,1056,769,749,826,756
417211200,899,773,751,824,757
417218400,825,768,754,818,757
417225600,742,763,755,814,757
417232800,687,760,756,810,756
417240000,659,757,756,807,755
417247200,678,754,756,804,755
417254400,679,752,755,801,754
417261600,750,750,754,798,754
417268800,869,748,754,797,754
417276000,976,748,754,797,753
417283200,998,750,753,800,752
417290400,908,754,753,801,752
417297600,810,754,753,800,751
417304800,736,752,755,797,751
417312000,705,750,756,794,751
417319200,693,748,756,791,750
417326400,707,746,756,787,750
417333600,688,743,756,781,749
417340800,661,740,755,773,749
417348000,758,737,754,764,748
417355200,884,736,754,762,749
417362400,940,735,753,778,748
417369600,944,739,753,783,747
417376800,893,745,752,779,747
417384000,788,747,753,778,747
417391200,689,746,754,776,746
417398400,677,744,755,775,746
417405600,594,742,756,773,746
417412800,551,740,756,770,745
417420000,550,737,756,760,744
417427200,535,733,755,744,744
417434400,668,728,753,730,744
417441600,876,726,753,727,744
417448800,949,725,753,739,744
417456000,1024,729,753,740,744
417463200,1053,749,752,743,743
417470400,918,761,753,746,742
417477600,674,757,755,747,742
417484800,624,752,756,748,741
417492000,597,748,757,748,741
417499200,565,744,757,745,741
417506400,555,740,757,730,740
417513600,549,734,757,712,740
417520800,756,729,755,703,740
417528000,943,726,754,707,741
417535200,1014,726,754,714,741
417542400,1072,740,754,726,740
417549600,1062,764,754,731,740
417556800,875,768,754,730,740
417564000,767,760,757,731,740
417571200,765,754,758,733,740
417578400,779,750,759,734,740
417585600,794,746,759,734,740
417592800,823,743,758,727,739
417600000,838,740,758,716,739
417607200,933,737,757,712,739
417614400,1145,740,757,719,740
417621600,1268,773,758,737,740
417628800,1290,801,762,765,740
417636000,1268,798,768,769,742
417643200,1122,788,771,772,745
417650400,936,777,772,767,746
417657600,963,771,772,767,747
417664800,959,768,772,767,747
417672000,905,765,772,766,747
417679200,954,762,771,766,747
417686400,955,760,771,766,747
417693600,1025,759,770,767,747
417700800,1232,768,771,784,747
417708000,1252,777,773,827,748
417715200,1253,781,774,865,749
417722400,1274,785,775,905,750
417729600,1196,782,776,924,751
417736800,966,776,775,915,751
417744000,962,771,775,900,752
417751200,951,767,775,888,752
417758400,914,761,774,875,752
417765600,896,755,773,861,752
417772800,889,748,772,846,752
417780000,1135,746,773,842,753
417787200,1407,760,774,862,753
417794400,1541,764,776,886,754
417801600,1563,764,776,892,754
417808800,1559,763,778,889,756
417816000,1263,758,777,887,757
417823200,1037,755,777,885,757
417830400,1033,753,777,882,757
417837600,994,752,776,878,757
417844800,959,750,775,873,757
417852000,975,749,775,867,756
417859200,970,748,774,862,756
417866400,1194,749,774,860,756
417873600,1295,750,774,856,757
417880800,1515,754,776,853,757
417888000,1545,754,777,853,758
417895200,1558,752,777,852,759
417902400,1367,747,776,852,759
417909600,1107,744,775,852,759
417916800,1043,742,774,852,758
417924000,1066,741,774,850,758
417931200,1066,740,773,848,758
417938400,1021,739,772,846,757
417945600,1009,738,771,843,757
417952800,1178,739,772,839,757
417960000,1423,742,773,833,757
417967200,1530,744,773,829,758
417974400,1557,744,773,824,758
417981600,1586,742,774,819,759
417988800,1413,737,773,816,759
417996000,1027,732,772,815,758
418003200,965,729,771,815,757
418010400,943,728,770,814,756
418017600,906,727,769,812,756
418024800,886,724,768,807,755
418032000,913,722,767,803,755
418039200,1246,723,767,806,755
418046400,1470,733,768,806,756
418053600,1612,736,768,804,756
418060800,1713,736,769,803,756
418068000,1724,735,770,799,757
418075200,1476,729,769,794,757
418082400,1092,722,767,791,756
418089600,1038,720,766,790,755
418096800,989,718,766,789,754
418104000,979,717,765,788,754
418111200,995,716,763,787,753
418118400,1049,716,763,786,753
418125600,1320,718,763,786,753
418132800,1545,722,764,786,753
418140000,1623,725,764,785,753
418147200,1731,727,764,783,754
418154400,1724,725,765,780,754
418161600,1511,720,764,776,754
418168800,1151,714,763,774,753
418176000,1068,711,763,773,752
418183200,1026,709,762,772,752
418190400,984,708,761,771,751
418197600,947,707,760,770,750
418204800,940,706,759,769,750
418212000,1322,708,759,771,750
418219200,1550,715,760,774,750
418226400,1676,720,760,775,750
418233600,1779,722,761,775,751
418240800,1789,721,762,770,752
418248000,1511,715,761,765,752
418255200,1127,709,760,762,751
418262400,1095,706,759,761,751
418269600,1064,704,758,760,750
418276800,1029,702,758,759,749
418284000,987,701,757,758,748
418291200,1068,700,756,758,748
418298400,1308,702,756,759,748
418305600,1522,707,757,762,748
418312800,1684,713,758,764,748
418320000,1575,712,757,761,749
418327200,1622,711,758,759,749
418334400,1464,707,757,756,749
418341600,1213,703,756,753,748
418348800,1130,700,756,751,748
418356000,1081,698,755,750,747
418363200,1053,697,754,749,746
418370400,1034,696,754,748,746
418377600,1072,696,753,748,745
418384800,1354,697,753,750,745
418392000,1595,703,754,754,746
418399200,1613,706,754,754,746
418406400,1612,706,754,752,746
418413600,1589,703,754,750,746
418420800,1388,701,754,748,746
418428000,1337,699,754,746,746
418435200,1342,697,753,745,745
418442400,1281,695,753,744,745
418449600,1247,695,752,744,744
418456800,1203,694,752,744,744
418464000,1189,694,751,744,743
418471200,1214,694,751,744,743
418478400,1208,697,751,749,742
418485600,1120,716,751,778,742
418492800,1354,732,752,783,743
418500000,1453,733,752,781,743
418507200,1307,729,751,777,744
418514400,1091,726,751,773,744
418521600,1023,723,751,771,744
418528800,1000,721,750,769,744
418536000,974,720,750,768,743
418543200,1008,719,749,767,743
418550400,1032,719,749,766,743
418557600,1093,719,749,766,743
418564800,1220,721,750,766,743
418572000,1315,723,750,767,744
418579200,1430,724,751,767,744
418586400,1418,722,751,765,744
418593600,1314,718,751,762,744
418600800,1105,714,751,759,744
418608000,995,712,750,757,743
418615200,938,710,750,756,743
418622400,1016,710,750,756,742
418629600,1017,710,749,756,742
418636800,1021,710,749,756,742
418644000,1039,710,749,756,742
418651200,1130,710,748,756,742
418658400,1315,712,749,757,742
418665600,1445,714,749,757,742
418672800,1347,713,749,754,742
418680000,1205,710,749,752,742
418687200,1090,708,749,750,742
418694400,982,706,749,749,741
418701600,1004,705,748,748,741
418708800,994,704,748,748,740
418716000,1000,704,747,747,740
418723200,945,703,747,747,740
418730400,954,704,747,749,740
418737600,1009,708,747,752,740
418744800,1045,709,747,752,740
418752000,1058,708,747,749,740
418759200,1036,707,746,746,740
418766400,924,703,747,742,739
418773600,850,700,746,739,739
418780800,791,698,747,735,738
418788000,767,695,746,729,738
418795200,745,692,746,723,738
418802400,730,687,746,717,737
418809600,721,683,746,708,737
418816800,794,680,745,703,737
418824000,879,683,744,708,737
418831200,1058,691,743,716,737
418838400,1173,700,743,726,737
418845600,1213,703,743,729,737
418852800,1109,700,744,726,737
418860000,893,695,745,724,736
418867200,787,693,746,722,736
418874400,814,691,745,720,736
418881600,805,689,745,717,735
418888800,770,687,745,714,735
418896000,796,684,744,711,735
418903200,972,685,742,712,735
418910400,1165,691,741,716,735
418917600,1330,698,742,726,736
418924800,1466,704,742,731,736
418932000,1481,705,743,730,737
418939200,1339,700,743,726,737
418946400,1179,696,744,723,737
418953600,1034,694,744,721,736
418960800,1062,695,743,722,736
418968000,1043,694,743,723,735
418975200,1026,692,743,722,735
418982400,1046,691,742,722,735
418989600,1241,692,742,724,735
418996800,1413,697,742,728,735
419004000,1535,703,742,732,736
419011200,1596,707,743,734,736
419018400,1553,706,744,731,737
419025600,1371,700,744,726,738
419032800,1235,696,745,722,737
419040000,1134,693,745,720,737
419047200,1038,691,745,718,736
419054400,945,689,745,716,735
419061600,893,687,744,714,735
419068800,881,686,743,713,734
419076000,1072,687,741,714,735
419083200,1306,692,741,720,735
419090400,1422,698,742,725,735
419097600,1489,702,742,727,735
419104800,1513,702,743,725,736
419112000,1347,697,743,720,736
419119200,1134,692,744,717,736
419126400,1146,690,744,715,736
419133600,1146,688,744,714,735
419140800,1130,687,743,713,735
419148000,1112,686,743,712,734
419155200,1083,685,742,711,734
419162400,1211,686,741,711,734
419169600,1204,687,741,712,733
419176800,1299,689,741,714,733
419184000,1503,693,742,718,734
419191200,1221,694,742,717,734
419198400,1067,689,742,712,734
419205600,895,685,743,709,733
419212800,803,682,744,706,732
419220000,765,681,743,705,731
419227200,673,679,743,703,731
419234400,653,677,743,702,730
419241600,727,676,741,701,730
419248800,1023,678,738,703,731
419256000,1097,681,738,707,731
419263200,1139,684,738,710,731
419270400,1186,687,738,712,731
419277600,1186,687,738,711,731
419284800,1161,685,739,709,731
419292000,915,682,740,706,731
419299200,838,680,741,704,730
419306400,883,679,740,703,730
419313600,851,678,739,702,729
419320800,854,677,739,701,729
419328000,810,677,738,701,729
419335200,851,677,737,701,729
419342400,1008,680,737,704,729
419349600,1166,684,736,707,729
419356800,1223,688,737,710,730
419364000,1029,686,738,708,729
419371200,1010,683,738,705,729
419378400,879,680,739,702,729
419385600,821,678,739,700,728
419392800,781,676,739,699,728
419400000,750,675,739,697,727
419407200,728,673,738,696,727
419414400,726,672,738,694,727
419421600,848,672,736,694,727
419428800,1041,677,735,699,727
419436000,1151,682,735,705,728
419443200,1180,686,735,707,728
419450400,1137,686,736,707,728
419457600,990,682,736,703,728
419464800,810,678,738,700,727
419472000,771,675,738,698,727
419479200,738,674,738,696,726
419486400,707,673,738,695,726
419493600,682,671,738,693,725
419500800,694,668,736,690,725
419508000,855,670,734,694,726
419515200,1007,675,734,699,726
419522400,1098,681,734,704,726
419529600,1138,684,734,706,726
419536800,1129,684,735,705,727
419544000,1028,680,735,702,727
419551200,756,676,737,698,726
419558400,637,673,738,696,725
419565600,649,671,738,694,725
419572800,647,669,737,693,724
419580000,639,667,737,691,724
419587200,664,665,735,688,724
419594400,976,668,732,694,725
419601600,1177,675,732,701,725
419608800,1320,681,732,707,725
419616000,1405,686,733,710,726
419623200,1399,686,733,709,727
419630400,1322,682,734,704,727
419637600,919,677,736,700,727
419644800,860,674,737,697,726
419652000,860,672,737,695,725
419659200,858,671,736,694,725
419666400,831,670,736,693,724
419673600,888,670,735,693,724
419680800,1048,671,733,694,724
419688000,1233,674,732,697,725
419695200,1284,677,732,700,725
419702400,1301,676,733,700,725
419709600,1173,676,733,699,725
419716800,1142,676,733,698,725
419724000,1094,675,732,697,724
419731200,976,674,732,695,724
419738400,969,673,732,694,724
419745600,937,672,732,693,724
419752800,889,670,732,692,723
419760000,893,670,731,691,723
419767200,1093,673,731,694,723
419774400,1304,676,731,698,723
419781600,1478,680,731,702,724
419788800,1589,683,732,705,724
419796000,1615,684,733,705,725
419803200,1448,680,734,701,726
419810400,1088,675,734,696,725
419817600,1002,672,735,694,725
419824800,957,671,735,692,724
419832000,901,669,735,690,724
419839200,886,668,734,689,723
419846400,922,668,733,689,723
419853600,1120,669,732,690,723
419860800,1372,674,731,696,723
419868000,1524,679,731,701,723
419875200,1559,680,732,701,724
419882400,1519,678,733,700,725
419889600,1441,676,733,696,725
419896800,1111,672,734,692,725
419904000,996,670,735,690,724
419911200,971,669,734,689,724
419918400,892,668,734,688,723
419925600,842,667,734,686,722
419932800,818,666,733,685,722
419940000,883,666,732,686,722
419947200,989,668,731,688,722
419954400,1125,671,731,691,722
419961600,1194,675,731,694,722
419968800,1159,675,731,693,723
419976000,1032,671,732,689,723
419983200,780,667,734,686,722
419990400,709,664,734,683,721
419997600,734,662,734,682,721
420004800,717,661,733,681,720
420012000,686,660,733,679,720
420019200,728,658,731,679,720
420026400,989,662,728,684,721
420033600,1159,667,728,690,721
420040800,1292,672,728,694,721
420048000,1335,674,729,695,721
420055200,1306,673,730,693,722
420062400,1172,669,731,689,722
420069600,1059,666,732,686,722
420076800,971,665,732,684,721
420084000,852,663,732,682,720
420091200,791,661,732,681,720
420098400,801,660,732,679,719
420105600,854,660,730,679,719
420112800,1170,662,728,684,720
420120000,1346,668,728,689,720
420127200,1463,673,728,694,720
420134400,1530,675,729,695,721
420141600,1563,675,730,693,722
420148800,1468,670,730,688,722
420156000,1057,665,732,683,722
420163200,925,663,733,681,721
420170400,897,661,733,679,721
420177600,847,660,733,678,720
420184800,808,658,732,676,719
420192000,923,658,731,676,719
420199200,1197,660,729,679,719
420206400,1449,666,728,685,720
420213600,1612,670,728,690,720
420220800,1713,672,729,691,720
420228000,1759,672,730,689,721
420235200,1682,668,731,685,722
420242400,1231,663,732,679,722
420249600,1086,660,733,677,721
420256800,1109,658,733,676,721
420264000,1092,657,732,674,720
420271200,1072,656,732,674,719
420278400,1107,656,730,673,719
420285600,1486,659,729,678,720
420292800,1677,664,729,683,719
420300000,1776,667,729,686,720
420307200,1854,669,729,687,721
420314400,1905,668,730,684,722
420321600,1767,664,731,679,722
420328800,1346,658,732,673,722
420336000,1212,655,733,671,721
420343200,1118,654,732,669,721
420350400,1060,653,732,668,720
420357600,1007,652,732,667,719
420364800,1083,651,730,667,719
420372000,1512,654,729,671,719
420379200,1734,659,729,677,719
420386400,1879,662,729,679,719
420393600,1922,662,729,678,720
420400800,1961,661,730,675,721
420408000,1820,657,730,670,721
420415200,1504,653,731,666,721
420422400,1344,650,731,663,720
420429600,1439,649,731,662,720
420436800,1319,648,731,661,719
420444000,1174,647,730,660,719
420451200,1268,647,729,660,719
420458400,1417,648,729,661,718
420465600,1573,650,728,663,718
420472800,1676,653,728,665,718
420480000,1812,656,728,668,718
420487200,1759,655,728,666,718
420494400,1597,651,729,662,719
420501600,1242,647,730,657,718
420508800,1184,645,730,655,718
420516000,1106,643,730,654,717
420523200,1014,642,730,653,717
420530400,967,642,729,653,716
420537600,1043,642,728,653,716
420544800,1163,642,727,654,716
420552000,1347,644,726,656,716
420559200,1549,647,726,659,716
420566400,1735,649,726,661,716
420573600,1740,650,726,660,716
420580800,1519,647,727,656,716
420588000,1156,642,727,651,715
420595200,1032,641,728,649,715
420602400,971,639,728,648,714
420609600,911,638,728,647,714
420616800,872,638,728,647,714
420624000,911,638,726,647,714
420631200,1100,639,724,650,714
420638400,1231,643,724,654,714
420645600,1326,647,724,657,713
420652800,1300,646,724,655,713
420660000,1218,645,724,653,714
420667200,1075,640,725,649,713
420674400,1012,638,726,646,713
420681600,942,637,726,645,713
420688800,874,636,726,644,712
420696000,842,635,726,643,712
420703200,835,635,726,643,712
420710400,888,635,724,644,712
420717600,1079,637,722,647,712
420724800,1246,641,722,652,712
420732000,1367,645,722,655,711
420739200,1440,647,722,656,712
420746400,1436,646,722,653,712
420753600,1321,641,722,648,712
420760800,938,636,725,643,712
420768000,800,633,726,640,711
420775200,798,632,726,639,710
420782400,780,631,725,639,710
420789600,753,630,725,639,710
420796800,864,630,723,639,709
420804000,1258,633,720,644,710
420811200,1407,639,720,650,710
420818400,1521,642,720,653,710
420825600,1633,643,720,653,710
420832800,1599,641,721,650,710
420840000,1564,638,722,646,711
420847200,1090,632,724,640,711
420854400,977,629,725,637,710
420861600,972,628,725,636,710
420868800,967,628,724,636,709
420876000,1005,628,723,636,709
420883200,1099,628,722,636,709
420890400,1406,630,720,639,709
420897600,1540,633,719,643,709
420904800,1748,638,719,647,708
420912000,1772,638,719,646,708
420919200,1646,635,720,643,709
420926400,1462,631,721,638,709
420933600,1311,627,722,635,709
420940800,1239,626,723,634,709
420948000,1170,625,723,633,709
420955200,1159,624,722,632,708
420962400,1159,624,722,632,708
420969600,1186,624,721,632,708
420976800,1362,625,720,635,708
420984000,1528,628,719,638,707
420991200,1586,630,719,639,707
420998400,1561,630,719,638,707
421005600,1343,626,720,634,707
421012800,1358,625,720,633,707
421020000,1206,622,721,631,707
421027200,1130,620,721,630,706
421034400,1115,619,721,630,706
421041600,1200,619,720,630,706
421048800,1233,620,720,630,706
421056000,1221,620,719,630,706
421063200,1464,622,717,634,706
421070400,1668,626,717,637,705
421077600,1777,629,716,639,705
421084800,1790,628,717,638,705
421092000,1735,626,717,636,705
421099200,1572,622,718,633,705
421106400,1296,618,719,630,705
421113600,1222,616,720,628,705
421120800,1179,615,720,627,704
421128000,1082,614,719,626,704
421135200,1082,614,719,626,704
421142400,1200,614,717,627,704
421149600,1609,617,716,631,704
421156800,1854,623,715,636,703
421164000,1980,626,715,639,703
421171200,2047,627,714,641,703
421178400,1771,622,715,636,703
421185600,1537,615,716,629,703
421192800,1355,611,717,625,703
421200000,1189,609,718,623,703
421207200,1114,608,718,622,702
421214400,1068,607,718,621,702
421221600,1047,607,717,621,702
421228800,1200,607,715,622,702
421236000,1587,610,714,626,701
421243200,1779,615,713,631,700
421250400,1904,618,713,634,700
421257600,1646,613,713,629,700
421264800,1594,611,714,627,701
421272000,1470,608,714,625,700
421279200,1226,605,715,622,700
421286400,1137,603,715,620,700
421293600,1070,602,715,619,699
421300800,1072,602,715,618,699
421308000,1209,602,714,618,699
421315200,1361,602,713,620,699
421322400,1653,606,712,623,698
421329600,1877,611,711,627,697
421336800,1994,614,710,631,697
421344000,2027,615,710,632,697
421351200,1939,612,710,629,697
421358400,1794,606,711,625,697
421365600,1470,601,712,620,697
421372800,1247,598,713,617,696
421380000,1145,596,714,616,696
421387200,1141,596,713,615,696
421394400,1099,595,713,614,695
421401600,1240,595,711,615,695
421408800,1672,599,710,619,695
421416000,1877,604,709,624,694
421423200,1796,605,708,626,693
421430400,1824,602,709,624,694
421437600,1579,602,708,623,693
421444800,1522,600,709,620,694
421452000,1402,597,709,617,694
421459200,1311,595,710,615,693
421466400,1250,594,710,614,693
421473600,1245,594,710,613,693
421480800,1267,594,709,613,692
421488000,1354,594,708,614,692
421495200,591,218,259,225,253
421502400,0,0,0,0,0
421509600,0,0,0,0,0
421516800,0,0,0,0,0
421524000,0,0,0,0,0
421531200,0,0,0,0,0
421538400,0,0,0,0,0
421545600,0,0,0,0,0
421552800,0,0,0,0,0
421560000,0,0,0,0,0
421567200,0,0,0,0,0
421574400,0,0,0,0,0
