"year","month","PRCP","SNOW","SNWD","TMIN","TMAX","TMEAN","miss.PRCP","miss.SNOW","miss.SNWD","miss.TMAX","miss.TMIN","miss.TMEAN"
1925,12,29.2,NA,NA,-7.6,1.75806451612903,-2.92096774193548,0,31,31,0,0,0
1926,1,12.9,NA,NA,-13.2,-0.709677419354839,-6.95483870967742,0,31,31,0,0,0
1926,10,3.1,NA,NA,-1.80967741935484,17.1290322580645,7.65967741935484,0,31,31,0,0,0
1926,11,32.9,NA,NA,-3.84666666666667,7.06333333333333,1.60833333333333,0,30,30,0,0,0
1926,12,24.9,NA,NA,-11.2,-0.284,-5.742,0,31,31,6,6,6
1926,2,12.2,NA,NA,-6.03214285714286,2.36071428571429,-1.83571428571429,0,28,28,0,0,0
1926,3,2,NA,NA,-3.35483870967742,7.34516129032258,1.99516129032258,0,31,31,0,0,0
1926,4,12.8,NA,NA,2.00333333333333,17.33,9.66666666666667,0,30,30,0,0,0
1926,5,11.8,NA,NA,2.60645161290323,20.5258064516129,11.5661290322581,0,31,31,0,0,0
1926,6,3.3,NA,NA,5.07586206896552,28.4586206896552,16.7672413793103,0,30,30,1,1,1
1926,7,4.1,NA,NA,7.26896551724138,29.951724137931,18.6103448275862,0,31,31,2,2,2
1926,8,18.8,NA,NA,5.26071428571429,28.5444444444444,17.0203703703704,0,31,31,4,3,4
1926,9,4.1,NA,NA,-3.3125,20.1916666666667,8.43958333333333,0,30,30,6,6,6
1927,1,8.4,NA,NA,-12.3838709677419,-0.380645161290323,-6.38225806451613,0,31,31,0,0,0
1927,10,33,NA,NA,-0.558064516129032,17.2193548387097,8.33064516129032,0,31,31,0,0,0
1927,11,14.9,NA,NA,-3.72333333333333,8.66,2.46833333333333,0,30,30,0,0,0
1927,12,1.4,NA,NA,-15.38,-0.503333333333333,-7.94166666666667,0,31,31,1,1,1
1927,2,16.7,NA,NA,-10.6107142857143,1.60714285714286,-4.50178571428571,0,28,28,0,0,0
1927,3,9.5,NA,NA,-7.06774193548387,5.73225806451613,-0.667741935483871,0,31,31,0,0,0
1927,4,10.5,NA,NA,-3.12666666666667,13.3933333333333,5.13333333333333,0,30,30,0,0,0
1927,5,65.7,NA,NA,1.05806451612903,16.5387096774194,8.79838709677419,0,31,31,0,0,0
1927,6,23.5,NA,NA,6.90333333333333,25.41,16.1566666666667,0,30,30,0,0,0
1927,7,9.6,NA,NA,9.39032258064516,31.8225806451613,20.6064516129032,0,31,31,0,0,0
1927,8,19.8,NA,NA,8.26129032258065,27.7903225806452,18.0258064516129,0,31,31,0,0,0
1927,9,39.4,NA,NA,3.29,22.7833333333333,13.0366666666667,0,30,30,0,0,0
1928,1,5.3,NA,NA,-11.6233333333333,1.70666666666667,-4.95833333333333,0,30,30,0,0,0
1928,10,13.5,NA,NA,-4.625,10.5321428571429,2.95357142857143,0,31,31,3,3,3
1928,11,23.5,NA,NA,-6.332,6.052,-0.14,0,30,30,5,5,5
1928,12,18.4,NA,NA,-16.5032258064516,1.61612903225806,-7.44354838709677,0,31,31,0,0,0
1928,2,7.7,NA,NA,-12.2448275862069,4.17931034482759,-4.03275862068966,0,29,29,0,0,0
1928,3,2.6,NA,NA,-6.06129032258065,9.79032258064516,1.86451612903226,0,31,31,0,0,0
1928,4,5.4,NA,NA,-4.45666666666667,13.11,4.32666666666667,0,30,30,0,0,0
1928,5,27.9,NA,NA,4.40967741935484,23.3903225806452,13.9,0,31,31,0,0,0
1928,6,39.4,NA,NA,4.35,22.6466666666667,13.4983333333333,0,30,30,0,0,0
1928,7,17.9,NA,NA,10.1678571428571,31.3857142857143,20.7767857142857,0,31,31,3,3,3
1928,8,9.1,NA,NA,7.27096774193548,29.0290322580645,18.15,0,31,31,0,0,0
1928,9,14,NA,NA,3.38,23.95,13.665,0,30,30,0,0,0
1929,1,11.5,NA,NA,-19.7161290322581,-2.76451612903226,-11.2403225806452,0,31,31,0,0,0
1929,10,18,NA,NA,-5.14137931034483,17.0724137931034,5.96551724137931,0,31,31,2,2,2
1929,11,4.4,NA,NA,-13.848275862069,5.07586206896552,-4.38620689655172,0,30,30,1,1,1
1929,12,11.5,NA,NA,-11.3096774193548,4.12258064516129,-3.59354838709677,0,31,31,0,0,0
1929,2,24.3,NA,NA,-19.2964285714286,-1.40714285714286,-10.3517857142857,1,28,28,0,0,0
1929,3,22,NA,NA,-11.858064516129,5.75806451612903,-3.05,0,31,31,0,0,0
1929,4,47.4,NA,NA,-7.5448275862069,8.26206896551724,0.358620689655173,0,29,29,0,0,0
1929,5,13.5,NA,NA,-2.77931034482759,19.2413793103448,8.23103448275862,0,29,29,0,0,0
1929,6,34,NA,NA,1.48214285714286,25.0392857142857,13.2607142857143,0,30,30,2,2,2
1929,7,23.8,NA,NA,6.84285714285714,32.0142857142857,19.4285714285714,0,31,31,3,3,3
1929,8,16.6,NA,NA,6.50967741935484,32.0612903225806,19.2854838709677,0,31,31,0,0,0
1929,9,24.6,NA,NA,-1.60666666666667,20.6966666666667,9.545,0,30,30,0,0,0
1930,1,8.2,NA,NA,-18.5967741935484,-4.65483870967742,-11.6258064516129,0,31,31,0,0,0
1930,10,59.1,0,0,-0.506666666666667,12.81,6.15166666666667,0,0,0,1,1,1
1930,11,31.7,0,0,-9.57666666666667,5.84666666666667,-1.865,0,9,9,0,0,0
1930,12,4.3,NA,NA,-14.3129032258065,-2.40322580645161,-8.35806451612903,0,31,31,0,0,0
1930,2,21.1,NA,NA,-7.28148148148148,3.58888888888889,-1.8462962962963,0,28,28,1,1,1
1930,3,2.5,0,0,-7.00645161290323,6.99677419354839,-0.00483870967741934,0,0,0,0,0,0
1930,4,23.8,0,0,1.25666666666667,18.59,9.92333333333333,0,0,0,0,0,0
1930,5,36.7,0,0,2.68709677419355,19.4225806451613,11.0548387096774,0,0,0,0,0,0
1930,6,25.3,0,0,5.23,25.78,15.505,0,0,0,0,0,0
1930,7,5.4,0,0,12.058064516129,32.6516129032258,22.3548387096774,0,0,0,0,0,0
1930,8,66,0,0,11.3709677419355,28.458064516129,19.9145161290323,0,0,0,0,0,0
1930,9,51.9,0,0,4.75333333333333,23.24,13.9966666666667,0,0,0,0,0,0
1931,1,16.1,NA,281.935483870968,-10.7870967741935,-2.18709677419355,-6.48709677419355,0,31,0,0,0,0
1931,10,3.5,0,0,0.664516129032258,15.7225806451613,8.19354838709677,0,0,0,0,0,0
1931,11,17.6,170,65.2857142857143,-7.82666666666667,3.21333333333333,-2.30666666666667,0,0,2,0,0,0
1931,12,62.3,236,259.263157894737,-11.112,-2.192,-6.652,0,0,12,6,6,6
1931,2,10.4,127,293.964285714286,-9.47857142857143,0.778571428571429,-4.35,0,0,0,0,0,0
1931,3,14.2,25,210.677419354839,-7.39666666666667,2.0741935483871,-2.62666666666667,0,0,0,0,1,1
1931,4,1.1,0,0,-1.09,13.6766666666667,6.29333333333333,0,0,0,0,0,0
1931,5,26.9,0,0,7.07741935483871,20.6258064516129,13.8516129032258,0,0,0,0,0,0
1931,6,7.6,0,0,9.08666666666667,27.34,18.2133333333333,0,0,0,0,0,0
1931,7,17.1,0,0,13.5321428571429,32.3535714285714,22.9428571428571,0,0,0,3,3,3
1931,8,17.3,0,0,10.9620689655172,30.0241379310345,20.4931034482759,0,0,0,2,2,2
1931,9,20.9,0,0,5.98666666666667,22.7566666666667,14.3716666666667,0,0,0,0,0,0
1932,1,19.7,338,573.933333333333,-15.8793103448276,-6.61034482758621,-11.2448275862069,0,0,1,2,2,2
1932,10,6.9,0,0,-1.98387096774194,12.7967741935484,5.40645161290323,0,0,0,0,0,0
1932,11,9.1,102,NA,-4.38666666666667,6.03333333333333,0.823333333333333,0,0,30,0,0,0
1932,12,11.9,NA,NA,-15.058064516129,-5.54516129032258,-10.3016129032258,0,23,26,0,0,0
1932,2,12.5,127,657,-12.8724137931034,-1.88275862068966,-7.37758620689655,0,0,0,0,0,0
1932,3,6,51,537.548387096774,-9.7741935483871,0.841935483870968,-4.46612903225806,0,0,0,0,0,0
1932,4,22.2,0,64.3666666666667,-1.06333333333333,10.1833333333333,4.56,0,1,0,0,0,0
1932,5,18.9,0,0,3.79354838709677,18.4645161290323,11.1290322580645,0,0,0,0,0,0
1932,6,51.9,102,0,7.47,22.62,15.045,0,0,1,0,0,0
1932,7,64,0,0,10.1838709677419,28.2677419354839,19.2258064516129,0,0,0,0,0,0
1932,8,32.7,0,0,10.4451612903226,28.2548387096774,19.35,0,0,0,0,0,0
1932,9,0.5,0,0,5.84333333333333,24.31,15.0766666666667,0,0,0,0,0,0
1933,1,48.6,NA,76.1935483870968,-12.9516129032258,-3.78387096774194,-8.36774193548387,0,17,0,0,0,0
1933,10,9.1,0,0,2.07741935483871,17.7,9.88870967741935,0,0,0,0,0,0
1933,11,8.6,0,0,-4.29666666666667,6.47666666666667,1.09,0,0,0,0,0,0
1933,12,21.9,NA,NA,-6.41290322580645,2.06129032258065,-2.1758064516129,0,31,29,0,0,0
1933,2,10.4,0,NA,-17.8428571428571,-7,-12.4214285714286,0,4,24,0,0,0
1933,3,7.9,0,NA,-6.91935483870968,3.36774193548387,-1.7758064516129,0,0,27,0,0,0
1933,4,23.5,0,0,-2.62,11.8366666666667,4.60833333333333,0,0,0,0,0,0
1933,5,53.4,51,0,1.38064516129032,15.2354838709677,8.30806451612903,0,0,0,0,0,0
1933,6,6.6,0,0,9.8,27.3133333333333,18.5566666666667,0,0,0,0,0,0
1933,7,1.5,0,0,13.1870967741935,32.2193548387097,22.7032258064516,0,0,0,0,0,0
1933,8,26.4,0,0,10.6516129032258,28.2354838709677,19.4435483870968,0,0,0,0,0,0
1933,9,13.2,0,0,4.89666666666667,22.5166666666667,13.7066666666667,0,0,0,0,0,0
1934,1,14,54,NA,-6.96333333333333,0.813333333333333,-3.075,0,0,28,0,0,0
1934,10,38,0,0,1.99677419354839,18.0677419354839,10.0322580645161,0,0,0,0,0,0
1934,11,38.4,0,0,-2.83,8.19666666666667,2.68333333333333,0,9,14,0,0,0
1934,12,17.9,0,NA,-10.7709677419355,0.683870967741936,-5.04354838709677,0,8,29,0,0,0
1934,2,9.2,51,0,-3.88928571428571,6.32857142857143,1.21964285714286,0,0,6,0,0,0
1934,3,3.8,0,0,-0.5,14.6806451612903,7.09032258064516,0,0,0,0,0,0
1934,4,8.7,0,0,2.85666666666667,19.5566666666667,11.2066666666667,0,0,0,0,0,0
1934,5,10.7,0,0,6.90645161290323,25.1225806451613,16.0145161290323,0,0,0,0,0,0
1934,6,56.6,0,0,7.76666666666667,24.1966666666667,15.9816666666667,0,0,0,0,0,0
1934,7,0,0,0,13.1838709677419,31.8290322580645,22.5064516129032,0,0,0,0,0,0
1934,8,1.6,0,0,12.9096774193548,31.0548387096774,21.9822580645161,0,0,0,0,0,0
1934,9,10.4,0,0,4.15,20.1633333333333,12.1566666666667,0,2,2,0,0,0
1935,1,31.4,165,NA,-10.4322580645161,-0.303225806451613,-5.36774193548387,0,4,28,0,0,0
1935,10,36.8,25,0,-0.451612903225806,15.9032258064516,7.7258064516129,0,0,0,0,0,0
1935,11,11.5,128,NA,-8.36,0.656666666666667,-3.85166666666667,0,1,25,0,0,0
1935,12,23,320,NA,-9.50967741935484,0.287096774193548,-4.61129032258065,0,0,26,0,0,0
1935,2,7.4,191,NA,-9.91071428571429,1.14285714285714,-4.38392857142857,0,1,28,0,0,0
1935,3,22.2,191,NA,-7.2258064516129,2.44838709677419,-2.38870967741935,0,5,30,0,0,0
1935,4,45.8,76,0,-1.73,10.5,4.385,0,0,7,0,0,0
1935,5,19.9,5,0,2.91290322580645,16.1612903225806,9.53709677419355,0,0,0,0,0,0
1935,6,1.6,0,0,8.39666666666667,24.4433333333333,16.42,0,0,0,0,0,0
1935,7,18.8,0,0,11.2,30.9086956521739,21.054347826087,0,0,0,8,8,8
1935,8,8.1,0,0,10.2931034482759,30.0379310344828,20.1655172413793,0,0,0,2,2,2
1935,9,6.1,0,0,6.76333333333333,25.6466666666667,16.205,0,0,0,0,0,0
1936,1,29.6,452,NA,-12.3967741935484,-2.62258064516129,-7.50967741935484,0,0,21,0,0,0
1936,10,5.1,0,0,1.26774193548387,15.3903225806452,8.32903225806452,0,0,0,0,0,0
1936,11,1.5,25,1,-6.70333333333333,5.99333333333333,-0.355,0,0,5,0,0,0
1936,12,25.5,281,46.6451612903226,-8.59677419354839,-0.72258064516129,-4.65967741935484,0,0,0,0,0,0
1936,2,4.3,34,NA,-13.3793103448276,-2.50344827586207,-7.94137931034483,0,0,25,0,0,0
1936,3,1,26,NA,-7.92258064516129,2.54838709677419,-2.68709677419355,0,0,29,0,0,0
1936,4,16.3,0,4.23333333333333,-0.573333333333333,12.63,6.02833333333333,0,3,0,0,0,0
1936,5,20.2,0,0,5.51612903225806,22.9548387096774,14.2354838709677,0,0,0,0,0,0
1936,6,48.8,0,0,9.45,24.7733333333333,17.1116666666667,0,0,0,0,0,0
1936,7,22.8,0,0,12.8193548387097,31.3096774193548,22.0645161290323,0,0,0,0,0,0
1936,8,33.4,0,0,11.0548387096774,28.3483870967742,19.7016129032258,0,0,0,0,0,0
1936,9,15.4,0,0,5.09,21.9966666666667,13.5433333333333,0,0,0,0,0,0
1937,1,23.4,356,369.2,-20.8838709677419,-11.3548387096774,-16.1193548387097,0,0,1,0,0,0
1937,10,11.8,0,0,1.51379310344828,16.548275862069,9.03103448275862,0,0,0,2,2,2
1937,11,13,117,7.63333333333333,-4.7,5.26,0.28,0,0,0,0,0,0
1937,12,34.5,237,33.875,-8.45161290322581,0.0387096774193549,-4.20645161290323,0,0,7,0,0,0
1937,2,21.2,302,NA,-13.1714285714286,-3.87142857142857,-8.52142857142857,0,0,25,0,0,0
1937,3,18.3,183,NA,-7.33225806451613,2.53548387096774,-2.39838709677419,0,0,29,0,0,0
1937,4,18.1,0,0,-1.9,9.68620689655172,3.89310344827586,0,0,0,1,1,1
1937,5,10.4,0,0,4.17096774193548,20.5967741935484,12.3838709677419,0,0,0,0,0,0
1937,6,37.8,0,0,6.28,22.59,14.435,0,0,0,0,0,0
1937,7,19.6,0,0,12.3322580645161,29.6774193548387,21.0048387096774,0,0,0,0,0,0
1937,8,5.9,0,0,9.7,29.3935483870968,19.5467741935484,0,0,0,0,0,0
1937,9,11,0,0,6.83448275862069,24.1379310344828,15.4862068965517,0,0,0,1,1,1
1938,1,17.4,155,100.741935483871,-11.4258064516129,-1.29354838709677,-6.35967741935484,0,0,0,0,0,0
1938,10,93.2,0,0,2.03870967741935,13.6290322580645,7.83387096774194,0,0,0,0,0,0
1938,11,11.4,76,NA,-8.64666666666667,0.493333333333333,-4.07666666666667,0,0,20,0,0,0
1938,12,1.5,26,7.25806451612903,-8.24838709677419,-0.748387096774194,-4.49838709677419,0,0,0,0,0,0
1938,2,36.2,434,386.357142857143,-9.89642857142857,0.271428571428571,-4.8125,0,0,0,0,0,0
1938,3,66.3,214,295.806451612903,-6.04193548387097,1.70645161290323,-2.16774193548387,0,0,0,0,0,0
1938,4,14.8,26,19.5384615384615,-0.976666666666667,10.8466666666667,4.935,0,0,4,0,0,0
1938,5,27.1,51,0,3.23870967741935,15.6193548387097,9.42903225806452,0,0,1,0,0,0
1938,6,34.4,0,0,8.29666666666667,23.5633333333333,15.93,0,0,0,0,0,0
1938,7,56.5,0,0,11.1741935483871,26.0709677419355,18.6225806451613,0,0,0,0,0,0
1938,8,18,0,0,9.54193548387097,27.3774193548387,18.4596774193548,0,0,0,0,0,0
1938,9,1.6,0,0,9.09,25.5433333333333,17.3166666666667,0,0,0,0,0,0
1939,1,23,331,144.225806451613,-11.4612903225806,-3.16129032258065,-7.31129032258065,0,0,0,0,0,0
1939,10,30.1,0,0,0.603225806451613,13.158064516129,6.88064516129032,0,0,0,0,0,0
1939,11,0,0,0,-3.73,10.3633333333333,3.31666666666667,0,0,0,0,0,0
1939,12,10.7,237,49.1290322580645,-6.64838709677419,2.54838709677419,-2.05,0,0,0,0,0,0
1939,2,21.8,362,447.178571428571,-15.0214285714286,-5.95714285714286,-10.4892857142857,2,0,0,0,0,0
1939,3,10.7,169,270.322580645161,-5.59354838709677,4.48387096774194,-0.554838709677419,0,0,0,0,0,0
1939,4,17.7,0,0,-0.106666666666667,14.4933333333333,7.19333333333333,0,0,0,0,0,0
1939,5,14.5,0,0,4.71290322580645,20.0806451612903,12.3967741935484,0,0,0,0,0,0
1939,6,19.1,0,0,5.58666666666667,21.3466666666667,13.4666666666667,0,0,0,0,0,0
1939,7,16.1,0,0,12.0225806451613,29.9709677419355,20.9967741935484,0,0,0,0,0,0
1939,8,3.8,0,0,10.9645161290323,29.2096774193548,20.0870967741935,0,0,0,0,0,0
1939,9,29.4,0,0,6.41,22.13,14.27,0,0,0,0,0,0
1940,1,25.3,283,209.096774193548,-10.4483870967742,-2.54516129032258,-6.49677419354839,0,0,0,0,0,0
1940,10,33.3,51,0,2.76129032258065,14.5,8.63064516129032,0,0,0,0,0,0
1940,11,23.1,152,0,-6.44666666666667,1.70333333333333,-2.37166666666667,0,0,0,0,0,0
1940,12,28,432,66.3225806451613,-7.81935483870968,0.27741935483871,-3.77096774193548,0,0,0,0,0,0
1940,2,37.2,334,330.275862068966,-7.53793103448276,-0.451724137931034,-3.9948275862069,0,0,0,0,0,0
1940,3,33.8,119,150.806451612903,-4.12258064516129,5.28064516129032,0.579032258064516,0,0,0,0,0,0
1940,4,37.1,0,0,-0.02,12.44,6.21,0,0,0,0,0,0
1940,5,7.6,0,0,4.84193548387097,21.3451612903226,13.0935483870968,0,0,0,0,0,0
1940,6,30.8,0,0,9.62666666666667,26.3366666666667,17.9816666666667,0,0,0,0,0,0
1940,7,25.7,0,0,12.5516129032258,29.941935483871,21.2467741935484,0,0,0,0,0,0
1940,8,19.6,0,0,12.0866666666667,30.8645161290323,21.425,0,0,0,0,1,1
1940,9,99.5,0,0,7.69333333333333,20.37,14.0316666666667,0,0,0,0,0,0
1941,1,37.5,458,327.774193548387,-9.1258064516129,-1.47741935483871,-5.30161290322581,0,0,0,0,0,0
1941,10,24.8,51,0,0.496774193548387,12.2967741935484,6.39677419354839,0,0,0,0,0,0
1941,11,9.5,70,2.67857142857143,-4.15,5.53333333333333,0.691666666666667,0,0,2,0,0,0
1941,12,42.1,326,NA,-6.90967741935484,-0.161290322580645,-3.53548387096774,0,0,20,0,0,0
1941,2,8.2,88,331.866666666667,-8.225,1.575,-3.325,0,0,13,0,0,0
1941,3,13.2,0,28.2222222222222,-4.18064516129032,5.3,0.559677419354839,0,0,13,0,0,0
1941,4,44.4,0,0,-0.09,11.7433333333333,5.82666666666667,0,0,0,0,0,0
1941,5,24.5,0,0,3.51290322580645,18.4193548387097,10.9661290322581,0,0,0,0,0,0
1941,6,47.1,0,0,7.12333333333333,21.5966666666667,14.36,0,0,0,0,0,0
1941,7,22.6,0,0,11.9709677419355,28.4,20.1854838709677,0,0,0,0,0,0
1941,8,45.1,0,0,10.9096774193548,25.3387096774194,18.1241935483871,0,0,0,0,0,0
1941,9,23.1,0,0,3.29666666666667,16.9666666666667,10.1316666666667,0,0,0,0,0,0
1942,1,36.9,296,151.741935483871,-11.7129032258065,-3.1741935483871,-7.44354838709677,0,0,0,0,0,0
1942,10,13.8,0,0,0.638709677419355,14.441935483871,7.54032258064516,0,0,0,0,0,0
1942,11,24.3,178,6.35,-5.89333333333333,4.01666666666667,-0.938333333333333,0,0,10,0,0,0
1942,12,33.6,347,205.894736842105,-10.5258064516129,-1.7741935483871,-6.15,0,0,12,0,0,0
1942,2,14.5,281,269.464285714286,-13.1928571428571,-4.25714285714286,-8.725,0,0,0,0,0,0
1942,3,8.7,89,113.870967741935,-8.77741935483871,1.23870967741935,-3.76935483870968,0,0,0,0,0,0
1942,4,20.5,64,0,0.236666666666667,12.9833333333333,6.61,0,0,0,0,0,0
1942,5,49.8,38,0,1.75483870967742,14.3806451612903,8.06774193548387,0,0,0,0,0,0
1942,6,23.9,0,0,5.96666666666667,21.64,13.8033333333333,0,0,0,0,0,0
1942,7,6.7,0,0,12.6516129032258,30.6225806451613,21.6370967741935,0,0,0,0,0,0
1942,8,0.5,0,0,11.1387096774194,29.5322580645161,20.3354838709677,0,0,0,0,0,0
1942,9,9.6,0,0,5.93333333333333,22.6866666666667,14.31,0,0,0,0,0,0
1943,1,38.1,425,327.774193548387,-13.3548387096774,-4.19354838709677,-8.7741935483871,0,0,0,0,0,0
1943,10,40.4,51,0,2.78064516129032,15.3677419354839,9.0741935483871,0,0,0,0,0,0
1943,11,9.9,0,0,-3.6,6.22666666666667,1.31333333333333,0,0,0,0,0,0
1943,12,11.3,127,19.6451612903226,-8.0258064516129,1.78709677419355,-3.11935483870968,0,0,0,0,0,0
1943,2,21.1,381,587.75,-11.0892857142857,0.335714285714286,-5.37678571428571,0,0,0,0,0,0
1943,3,4,0,353.931034482759,-11.2677419354839,1.15806451612903,-5.05483870967742,0,0,2,0,0,0
1943,4,16.6,0,0,1.43666666666667,16.05,8.74333333333333,0,0,0,0,0,0
1943,5,38.2,229,0,2.85483870967742,15.6483870967742,9.25161290322581,0,0,0,0,0,0
1943,6,41.5,0,0,5.14666666666667,20.55,12.8483333333333,0,0,0,0,0,0
1943,7,7.1,0,0,11.2903225806452,29.7129032258064,20.5016129032258,0,0,0,0,0,0
1943,8,6.8,0,0,10.1161290322581,29.0032258064516,19.5596774193548,0,0,0,0,0,0
1943,9,3.1,0,0,7.27666666666667,25.0833333333333,16.18,0,0,0,0,0,0
1944,1,14,293,202.387096774194,-13.3354838709677,-2.7741935483871,-8.05483870967742,0,0,0,0,0,0
1944,10,12.9,0,0,2.58709677419355,18.6193548387097,10.6032258064516,0,0,0,0,0,0
1944,11,53.3,368,41.7647058823529,-6.21333333333333,1.05,-2.58166666666667,0,0,13,0,0,0
1944,12,8.7,220,NA,-10.9870967741935,-2.30322580645161,-6.64516129032258,0,0,18,0,0,0
1944,2,25.7,747,255.620689655172,-9.4,-2.01379310344828,-5.70689655172414,0,0,0,0,0,0
1944,3,14.5,330,301.451612903226,-9.68387096774194,0.132258064516129,-4.7758064516129,0,0,0,0,0,0
1944,4,28.3,51,6.76666666666667,-0.866666666666667,10.89,5.01166666666667,0,0,0,0,0,0
1944,5,47.2,0,0,4.23225806451613,18.5064516129032,11.3693548387097,0,0,0,0,0,0
1944,6,209.8,0,0,5.90666666666667,19.33,12.6183333333333,0,0,0,0,0,0
1944,7,14.9,0,0,9.87741935483871,26.5129032258065,18.1951612903226,0,0,0,0,0,0
1944,8,2,0,0,8.87741935483871,27.3612903225806,18.1193548387097,0,0,0,0,0,0
1944,9,16.7,0,0,5.51666666666667,22.6433333333333,14.08,0,0,0,0,0,0
1945,1,13.1,168,274.333333333333,-10.3354838709677,-2.65161290322581,-6.49354838709677,0,0,1,0,0,0
1945,10,1,0,0,1.48709677419355,16.4838709677419,8.98548387096774,0,0,0,0,0,0
1945,11,21.9,236,78.8421052631579,-6.63333333333333,2.22333333333333,-2.205,0,0,11,0,0,0
1945,12,25.8,335,200.909090909091,-11.4161290322581,-3.59677419354839,-7.50645161290323,0,0,9,0,0,0
1945,2,36.2,390,464.105263157895,-9.06428571428571,NA,NA,0,0,9,28,0,28
1945,3,13.6,139,333.451612903226,-7.96774193548387,1.63548387096774,-3.16612903225806,0,0,0,0,0,0
1945,4,11,191,20.3333333333333,-4.20333333333333,9.09333333333333,2.445,0,0,0,0,0,0
1945,5,65.7,0,0,3.28387096774194,17.2354838709677,10.2596774193548,0,0,0,0,0,0
1945,6,85.9,0,0,5.37333333333333,18.4766666666667,11.925,0,0,0,0,0,0
1945,7,2.4,0,0,12.0129032258065,29.1774193548387,20.5951612903226,0,0,0,0,0,0
1945,8,89.8,0,0,9.42258064516129,28.6483870967742,19.0354838709677,0,0,0,0,0,0
1945,9,35.7,0,0,3.55,19.4766666666667,11.5133333333333,0,0,0,0,0,0
1946,1,9.4,334,NA,-13.3354838709677,-3.97096774193548,-8.65322580645161,0,0,19,0,0,0
1946,10,27.4,71,5.70967741935484,-1.99354838709677,8.67096774193548,3.33870967741935,0,0,0,0,0,0
1946,11,60.4,197,20.2333333333333,-4.49333333333333,3.09,-0.701666666666667,0,0,0,0,0,0
1946,12,27.7,169,15.5806451612903,-6.04838709677419,0.493548387096774,-2.77741935483871,0,0,0,0,0,0
1946,2,23.5,378,NA,-12.625,-2.2,-7.4125,0,0,19,0,0,0
1946,3,41.3,267,90.9473684210526,-5.38387096774194,3.44516129032258,-0.969354838709677,0,0,12,0,0,0
1946,4,3.8,13,0,0.38,15.3466666666667,7.86333333333333,0,0,0,0,0,0
1946,5,56.5,0,0,3.77741935483871,16.7387096774194,10.258064516129,0,0,0,0,0,0
1946,6,22.9,0,0,7.83666666666667,23.6633333333333,15.75,0,0,0,0,0,0
1946,7,12.2,0,0,12.0709677419355,30.3064516129032,21.1887096774194,0,0,0,0,0,0
1946,8,5.2,0,0,11.2935483870968,30.1129032258065,20.7032258064516,0,0,0,0,0,0
1946,9,11.9,0,0,5.29333333333333,22.3966666666667,13.845,0,0,0,0,0,0
1947,1,7.6,322,185.935483870968,-14.8387096774194,-5.26129032258065,-10.05,0,0,0,0,0,0
1947,10,18.1,0,0,3.35483870967742,15.5903225806452,9.47258064516129,0,0,0,0,0,0
1947,11,21.9,445,86.2,-7.48666666666667,0.736666666666667,-3.375,0,0,0,0,0,0
1947,12,7.5,228,185.161290322581,-9.25483870967742,-1.82903225806452,-5.54193548387097,0,0,0,0,0,0
1947,2,5.6,127,139.75,-8.35357142857143,0.707142857142857,-3.82321428571429,0,0,0,0,0,0
1947,3,9.2,113,0.806451612903226,-3.59032258064516,7.81935483870968,2.11451612903226,0,0,0,0,0,0
1947,4,29.8,177,3.36666666666667,-1.82666666666667,12.1566666666667,5.165,0,0,0,0,0,0
1947,5,27.2,0,0,4.94838709677419,21.0645161290323,13.0064516129032,0,0,0,0,0,0
1947,6,58.8,0,0,6.02666666666667,20.19,13.1083333333333,0,0,0,0,0,0
1947,7,15.8,0,0,11.5322580645161,31.1225806451613,21.3274193548387,0,0,0,0,0,0
1947,8,4.8,0,0,10.2166666666667,28.78,19.4983333333333,0,0,0,1,1,1
1947,9,40.4,0,0,5.94666666666667,23.1066666666667,14.5266666666667,0,0,0,0,0,0
1948,1,3.3,89,212.096774193548,-11.9161290322581,-2.2741935483871,-7.09516129032258,0,0,0,0,0,0
1948,10,6.3,0,0,1.19677419354839,16.1838709677419,8.69032258064516,0,0,0,0,0,0
1948,11,14.9,189,12.6666666666667,-7.88666666666667,0.613333333333333,-3.63666666666667,0,0,0,0,0,0
1948,12,25.6,662,246.645161290323,-13.6709677419355,-5.03225806451613,-9.35161290322581,0,0,0,0,0,0
1948,2,10.6,293,167.48275862069,-9.52413793103448,-0.96551724137931,-5.2448275862069,0,0,0,0,0,0
1948,3,28.8,546,72.9354838709677,-8.43548387096774,1.14838709677419,-3.64354838709677,0,0,0,0,0,0
1948,4,16,0,0,-1.43,11.8766666666667,5.22333333333333,0,0,0,0,0,0
1948,5,45.9,5,0,3.4,18.5612903225806,10.9806451612903,0,0,0,0,0,0
1948,6,74.8,0,0,9.28,23.9833333333333,16.6316666666667,0,0,0,0,0,0
1948,7,5.5,0,0,10.9709677419355,28.8064516129032,19.8887096774194,0,0,0,0,0,0
1948,8,21.8,0,0,9.98965517241379,29.0689655172414,19.5293103448276,0,0,0,1,1,1
1948,9,22.8,0,0,6.84666666666667,23.39,15.1183333333333,0,0,0,0,0,0
1949,1,22.9,440,214.551724137931,-18.4612903225806,-9.33870967741935,-13.9,0,0,2,0,0,0
1949,10,30.2,274,9.33333333333333,-1.63548387096774,9.53870967741936,3.95161290322581,0,0,1,0,0,0
1949,11,19.8,89,2.53333333333333,-1.92,8.72666666666667,3.40333333333333,0,0,0,0,0,0
1949,12,18.2,495,117.935483870968,-11.2774193548387,-2.64516129032258,-6.96129032258064,0,0,0,0,0,0
1949,2,25.8,608,415.038461538462,-13.4285714285714,-3.775,-8.60178571428571,0,0,2,0,0,0
1949,3,5.7,0,167.967741935484,-4.51290322580645,5.01290322580645,0.25,0,0,0,0,0,0
1949,4,9.4,0,0,0.606666666666667,17.11,8.85833333333333,0,0,0,0,0,0
1949,5,75.5,0,0,4.91935483870968,19.6258064516129,12.2725806451613,0,0,0,0,0,0
1949,6,44.2,0,0,6.41333333333333,23.5433333333333,14.9783333333333,0,0,0,0,0,0
1949,7,19.8,0,0,11.4483870967742,29.7483870967742,20.5983870967742,0,0,0,0,0,0
1949,8,9.2,0,0,12.558064516129,29.8935483870968,21.2258064516129,0,0,0,0,0,0
1949,9,11.5,0,0,6.75333333333333,24.0433333333333,15.3983333333333,2,0,0,0,0,0
1950,1,23.7,328,321.967741935484,-15.2774193548387,-6.34193548387097,-10.8096774193548,0,0,0,0,0,0
1950,10,17.6,0,0,2.11290322580645,16.1516129032258,9.13225806451613,0,0,0,0,0,0
1950,11,2.6,0,0,-3.79666666666667,5.79,0.996666666666667,0,0,0,0,0,0
1950,12,23.7,394,NA,-5.97,0.853333333333333,-2.55833333333333,0,0,30,0,0,0
1950,2,18.8,229,417.321428571429,-9.01071428571429,-0.578571428571429,-4.79464285714286,0,0,0,0,0,0
1950,3,29.6,294,192.58064516129,-7.29677419354839,2.00967741935484,-2.64354838709677,0,0,0,0,0,0
1950,4,13.9,89,2.27272727272727,-1.89333333333333,11.4,4.75333333333333,0,0,8,0,0,0
1950,5,14.3,16,0,0.754838709677419,16.9225806451613,8.83870967741935,0,0,0,0,0,0
1950,6,53.1,0,0,6.39333333333333,22.7,14.5466666666667,0,0,0,0,0,0
1950,7,11,0,0,10.4677419354839,27.4516129032258,18.9596774193548,0,0,0,0,0,0
1950,8,17.8,0,0,10.141935483871,27.6967741935484,18.9193548387097,0,0,0,0,0,0
1950,9,54.7,76,0.833333333333333,6.2448275862069,20.4241379310345,13.3344827586207,0,0,0,1,1,1
1951,1,10.8,0,NA,-13.9366666666667,-3.70666666666667,-8.82166666666667,0,9,23,1,1,1
1951,10,33.1,58,0,0.0387096774193549,10.9806451612903,5.50967741935484,0,0,0,0,0,0
1951,11,7.7,202,27.1333333333333,-6.34666666666667,3.07333333333333,-1.63666666666667,0,0,0,0,0,0
1951,12,36.7,618,298.161290322581,-13.1129032258065,-5.39354838709677,-9.25322580645161,0,0,0,0,0,0
1951,2,11.8,0,166.555555555556,-9.43928571428571,-0.621428571428571,-5.03035714285714,0,6,10,0,0,0
1951,3,5.5,38,NA,-9.69677419354839,0.838709677419355,-4.42903225806452,0,0,31,0,0,0
1951,4,16.9,0,0,-0.926666666666667,13.8866666666667,6.48,0,0,0,0,0,0
1951,5,30.5,25,0,4.13870967741935,18.6741935483871,11.4064516129032,0,0,0,0,0,0
1951,6,9.1,0,0,5.12666666666667,20.6566666666667,12.8916666666667,0,0,0,0,0,0
1951,7,32.3,0,0,11.1806451612903,30.0935483870968,20.6370967741935,0,0,0,0,0,0
1951,8,55.2,0,0,9.82258064516129,25.6741935483871,17.7483870967742,0,0,0,0,0,0
1951,9,0,0,0,5.54333333333333,22.6466666666667,14.095,0,0,0,0,0,0
1952,1,31.8,660,508.032258064516,-13.3870967741935,-5.30322580645161,-9.34516129032258,0,0,0,0,0,0
1952,10,0,0,0,1.56129032258065,18.6032258064516,10.0822580645161,0,0,0,0,0,0
1952,11,23.4,0,48.2,-9.06,2.02333333333333,-3.51833333333333,0,1,0,0,0,0
1952,12,30.3,491,252.322580645161,-8.67096774193548,-2.00967741935484,-5.34032258064516,0,0,0,0,0,0
1952,2,38.6,787,768.068965517241,-13.4655172413793,-4.2,-8.83275862068965,0,0,0,0,0,0
1952,3,31.6,546,849.645161290323,-9.73225806451613,-1.05806451612903,-5.39516129032258,0,0,0,0,0,0
1952,4,5.6,0,246.333333333333,-1.19,11.0633333333333,4.93666666666667,0,0,0,0,0,0
1952,5,20.2,0,0,4.49032258064516,19.1032258064516,11.7967741935484,0,0,0,0,0,0
1952,6,45.8,0,0,7.63333333333333,24.2066666666667,15.92,0,0,0,0,0,0
1952,7,13.9,0,0,9.73225806451613,27.9903225806452,18.8612903225806,0,0,0,0,0,0
1952,8,35,0,0,10.9741935483871,28.1774193548387,19.5758064516129,0,0,0,0,0,0
1952,9,1.8,0,0,6.91,25.4066666666667,16.1583333333333,0,0,0,0,0,0
1953,1,14,135,328.612903225806,-5.50322580645161,0.116129032258065,-2.69354838709677,0,0,0,0,0,0
1953,10,5.6,0,0,2.66774193548387,16.6677419354839,9.66774193548387,0,0,0,0,0,0
1953,11,6.9,77,5.06666666666667,-2.36333333333333,8.20666666666667,2.92166666666667,0,0,0,0,0,0
1953,12,18.5,338,159.645161290323,-11,-2.49677419354839,-6.74838709677419,0,0,0,0,0,0
1953,2,15.1,293,319.214285714286,-9.37857142857143,-1.66428571428571,-5.52142857142857,0,0,0,0,0,0
1953,3,8.6,89,159.806451612903,-6,4.84516129032258,-0.57741935483871,0,0,0,0,0,0
1953,4,27.1,0,0,-2.93,10.0466666666667,3.55833333333333,0,0,0,0,0,0
1953,5,50.8,0,0,1.31612903225806,14.6612903225806,7.98870967741935,0,0,0,0,0,0
1953,6,55,0,0,6.06333333333333,21.56,13.8116666666667,0,0,0,0,0,0
1953,7,8.5,0,0,12.6193548387097,31.3645161290323,21.991935483871,0,0,0,0,0,0
1953,8,3.6,0,0,10.6451612903226,29.1387096774194,19.891935483871,0,0,0,0,0,0
1953,9,1.6,0,0,7.16666666666667,25.53,16.3483333333333,0,0,0,0,0,0
1954,1,6.4,216,180.161290322581,-8.90967741935484,-1.8,-5.35483870967742,0,0,0,0,0,0
1954,10,0.8,13,0,-0.709677419354839,14.7967741935484,7.04354838709677,0,0,0,0,0,0
1954,11,25.9,0,0,-2.06,8.66666666666667,3.30333333333333,0,0,0,0,0,0
1954,12,16.4,165,NA,-10.6096774193548,-1.41935483870968,-6.01451612903226,0,4,18,0,0,0
1954,2,14.6,153,87.0357142857143,-5.74285714285714,3.65714285714286,-1.04285714285714,0,0,0,0,0,0
1954,3,30.3,153,14.6774193548387,-7.04838709677419,3.41290322580645,-1.81774193548387,0,0,0,0,0,0
1954,4,22.8,51,0.833333333333333,-0.803333333333333,14.5733333333333,6.885,0,0,0,0,0,0
1954,5,21.5,0,0,4.40645161290323,20.0645161290323,12.2354838709677,0,0,0,0,0,0
1954,6,60.8,0,0,6.16333333333333,21.1833333333333,13.6733333333333,0,0,0,0,0,0
1954,7,11.2,0,0,12.4774193548387,31.5258064516129,22.0016129032258,0,0,0,0,0,0
1954,8,17.4,0,0,9.80967741935484,27.8903225806452,18.85,0,0,0,0,0,0
1954,9,9.4,0,0,5.94666666666667,23.4133333333333,14.68,0,0,0,0,0,0
1955,1,19.3,329,323.875,-15.158064516129,-6.81612903225806,-10.9870967741935,0,0,15,0,0,0
1955,10,11.9,0,0,0.245161290322581,15.5677419354839,7.90645161290323,0,0,0,0,0,0
1955,11,18.3,NA,6.73333333333333,-8.52666666666667,1.96,-3.28333333333333,0,30,0,0,0,0
1955,12,49.7,470,111.633333333333,-8.38387096774194,-0.490322580645161,-4.43709677419355,0,0,1,0,0,0
1955,2,14.2,253,NA,-13.3428571428571,-4.61071428571429,-8.97678571428571,0,0,21,0,0,0
1955,3,3.8,63,NA,-12.4161290322581,-0.825806451612903,-6.62096774193548,0,0,24,0,0,0
1955,4,18.6,109,18.6666666666667,-3.26333333333333,7.92666666666667,2.33166666666667,0,0,0,0,0,0
1955,5,46.6,165,2.45161290322581,2.93870967741935,17.3451612903226,10.141935483871,0,0,0,0,0,0
1955,6,47.4,0,0,6.41,22.0166666666667,14.2133333333333,0,0,0,0,0,0
1955,7,15.4,0,0,10.8451612903226,28.4064516129032,19.6258064516129,0,0,0,0,0,0
1955,8,31.8,0,0,11.8290322580645,30.1032258064516,20.9661290322581,0,0,0,0,0,0
1955,9,6,0,0,6.52333333333333,22.3666666666667,14.445,0,0,0,0,0,0
1956,1,38.2,388,101.612903225806,-7.82903225806452,-0.361290322580645,-4.09516129032258,0,0,0,0,0,0
1956,10,54.5,152,4.23333333333333,0.674193548387097,12.9612903225806,6.81774193548387,0,1,1,0,0,0
1956,11,9.2,38,32.8148148148148,-8.17,3.31333333333333,-2.42833333333333,0,2,3,0,0,0
1956,12,5.4,76,36.9677419354839,-9.92258064516129,-1.2741935483871,-5.59838709677419,0,0,0,0,0,0
1956,2,9.5,178,262.758620689655,-14.9068965517241,-4.61724137931034,-9.76206896551724,0,0,0,0,0,0
1956,3,1.8,101,101.65,-7.80645161290323,3.06129032258065,-2.37258064516129,0,0,11,0,0,0
1956,4,45,0,0,-0.09,13.5733333333333,6.74166666666667,0,0,0,0,0,0
1956,5,18.9,0,0,5.1741935483871,19.7483870967742,12.4612903225806,0,0,0,0,0,0
1956,6,22.2,0,0,7.81666666666667,26.2966666666667,17.0566666666667,0,0,0,0,0,0
1956,7,15.1,0,0,12.6709677419355,29.7774193548387,21.2241935483871,0,0,0,0,0,0
1956,8,2,0,0,9.85806451612903,27.4612903225806,18.6596774193548,0,0,0,0,0,0
1956,9,13.2,0,0,5.08666666666667,23.87,14.4783333333333,0,0,0,0,0,0
1957,1,20.6,393,162.6,-15.6483870967742,-5.93225806451613,-10.7903225806452,0,0,1,0,0,0
1957,10,22.6,0,0,1.2258064516129,13.5548387096774,7.39032258064516,0,0,0,0,0,0
1957,11,14.3,225,41.4666666666667,-7.51333333333333,1.54,-2.98666666666667,0,0,0,0,0,0
1957,12,21.7,38,63.5555555555556,-8.88064516129032,-0.593548387096774,-4.73709677419355,0,7,13,0,0,0
1957,2,12.2,38,123.5,-8.49642857142857,0.789285714285714,-3.85357142857143,0,0,0,0,0,0
1957,3,30.2,203,2.41935483870968,-5.19032258064516,4.9741935483871,-0.108064516129032,0,0,0,0,0,0
1957,4,26,0,0,-1.34666666666667,11.17,4.91166666666667,0,1,0,0,0,0
1957,5,124,0,0,5.36774193548387,17.1129032258065,11.2403225806452,0,0,0,0,0,0
1957,6,31.5,0,0,7.57,22.0833333333333,14.8266666666667,0,0,0,0,0,0
1957,7,12.1,0,0,10.8258064516129,30.0064516129032,20.4161290322581,0,0,0,0,0,0
1957,8,28.7,0,0,10.5387096774194,29.0838709677419,19.8112903225806,0,0,0,0,0,0
1957,9,2.3,25,0,5.95,23.2233333333333,14.5866666666667,0,0,0,0,0,0
1958,1,8.8,152,151.333333333333,-10.2129032258065,-0.787096774193548,-5.5,0,0,7,0,0,0
1958,10,0,0,0,1.42857142857143,17.3464285714286,9.3875,0,0,0,0,0,0
1958,11,3.1,20,0,-5.57333333333333,4.37333333333333,-0.6,0,0,0,0,0,0
1958,12,10.6,58,10.1666666666667,-7.98064516129032,1.45483870967742,-3.26290322580645,2,2,1,0,0,0
1958,2,30.6,230,210.571428571429,-4.78928571428571,2.40740740740741,-1.10555555555556,0,0,0,1,0,1
1958,3,32.5,318,110.677419354839,-6.33225806451613,1.89677419354839,-2.21774193548387,4,5,0,0,0,0
1958,4,20.4,106,2.53333333333333,-2.05333333333333,9.73333333333333,3.84,0,0,0,0,0,0
1958,5,20.9,0,0,6.7,22.8161290322581,14.758064516129,0,0,0,0,0,0
1958,6,45.9,0,0,9.33,23.9833333333333,16.6566666666667,0,0,0,0,0,0
1958,7,34.3,0,0,11.1935483870968,27.6064516129032,19.4,0,0,0,0,0,0
1958,8,6.1,0,0,12.5645161290323,30.2193548387097,21.391935483871,0,0,0,0,0,0
1958,9,31.6,0,0,5.25666666666667,23.7666666666667,14.5116666666667,0,0,0,0,0,0
1959,1,23.4,213,90.9032258064516,-10.2903225806452,-1.42903225806452,-5.85967741935484,0,0,0,0,0,0
1959,10,7.1,152,0,0.5,13.6225806451613,7.06129032258065,0,0,0,0,0,0
1959,11,2.6,36,0,-8.3,3.92666666666667,-2.18666666666667,0,0,0,0,0,0
1959,12,35.1,305,54.1290322580645,-9.30967741935484,0.570967741935484,-4.36935483870968,0,0,0,0,0,0
1959,2,58.9,626,281.461538461538,-9.71923076923077,-0.226923076923077,-4.97307692307692,2,2,0,0,0,0
1959,3,5.6,53,87.7096774193548,-7.81290322580645,2.95161290322581,-2.43064516129032,0,0,0,0,0,0
1959,4,4,13,0,-1.43666666666667,13.9233333333333,6.24333333333333,0,0,0,0,0,0
1959,5,68.6,38,0,1.08387096774194,14.8741935483871,7.97903225806452,0,0,1,0,0,0
1959,6,72.7,0,0,7.96666666666667,24.6666666666667,16.3166666666667,0,0,0,0,0,0
1959,7,8,0,0,10.858064516129,29.5677419354839,20.2129032258064,0,0,0,0,0,0
1959,8,14.5,0,0,9.28064516129032,28.5322580645161,18.9064516129032,0,0,0,0,0,0
1959,9,27.5,5,0,5.41666666666667,19.7733333333333,12.595,0,0,0,0,0,0
1960,1,26.2,339,327.384615384615,-12.6967741935484,-4.72258064516129,-8.70967741935484,0,0,5,0,0,0
1960,10,28.2,0,0,0.574193548387097,13.4516129032258,7.01290322580645,0,0,0,0,0,0
1960,11,40.3,126,21.1333333333333,-4.39333333333333,3.22666666666667,-0.583333333333333,0,0,0,0,0,0
1960,12,12.2,63,66.4838709677419,-10.2387096774194,-0.770967741935484,-5.50483870967742,0,0,0,0,0,0
1960,2,22.8,286,383.130434782609,-13.848275862069,-4.77241379310345,-9.31034482758621,0,0,6,0,0,0
1960,3,17.4,76,203.193548387097,-6.91612903225806,3.32903225806452,-1.79354838709677,0,0,0,0,0,0
1960,4,20.9,76,0,-1.12333333333333,13.4333333333333,6.155,0,0,2,0,0,0
1960,5,25.4,51,0,1.71739130434783,16.3608695652174,9.03913043478261,0,0,0,0,0,0
1960,6,20.3,0,0,8.07,25.71,16.89,0,0,0,0,0,0
1960,7,2.4,0,0,13.441935483871,31.6838709677419,22.5629032258065,0,0,0,0,0,0
1960,8,18.9,0,0,9.14516129032258,27.5806451612903,18.3629032258065,0,0,0,0,0,0
1960,9,7.7,0,0,7.38333333333333,24.0066666666667,15.695,0,0,0,0,0,0
1961,1,3.8,25,89.4516129032258,-10.1806451612903,0.0870967741935484,-5.04677419354839,0,0,0,0,0,0
1961,10,51.1,102,1.64516129032258,-0.393548387096774,11.3806451612903,5.49354838709677,0,0,0,0,0,0
1961,11,19.1,185,34.7,-5.79666666666667,3.12,-1.33833333333333,0,0,0,0,0,0
1961,12,21.1,454,192.620689655172,-12.3064516129032,-4.08387096774194,-8.19516129032258,0,0,2,0,0,0
1961,2,33.6,228,167.785714285714,-5.81071428571429,1.45357142857143,-2.17857142857143,0,0,0,0,0,0
1961,3,28.9,151,93.4193548387097,-5.04193548387097,4.67096774193548,-0.185483870967742,0,0,0,0,0,0
1961,4,11.2,0,0,-2.01333333333333,11.2233333333333,4.605,0,0,0,0,0,0
1961,5,41.6,0,0,3.88387096774194,18.0645161290323,10.9741935483871,0,0,0,0,0,0
1961,6,28.7,0,0,10.2966666666667,27.9266666666667,19.1116666666667,0,0,0,0,0,0
1961,7,10.2,0,0,12.888,31.4,22.022,0,0,0,4,6,6
1961,8,19.1,0,0,11.05,29.0681818181818,19.9690476190476,0,0,0,9,9,10
1961,9,61.6,0,0,3.56666666666667,16.57,10.0683333333333,0,0,0,0,0,0
1962,1,9.5,321,204.966666666667,-15.8354838709677,-6.88709677419355,-11.3612903225806,0,0,1,0,0,0
1962,10,1.6,0,0,2.6,16.8645161290323,9.73225806451613,0,0,0,0,0,0
1962,11,12.4,0,0,-3.19333333333333,6.94333333333333,1.875,0,0,0,0,0,0
1962,12,6.9,13,0.806451612903226,-7.60645161290323,0.690322580645161,-3.45806451612903,0,0,0,0,0,0
1962,2,51.6,150,58.8214285714286,-8.75,-1.11071428571429,-4.93035714285714,0,0,0,0,0,0
1962,3,19,350,200.6,-8.66129032258065,0.803225806451613,-3.92903225806452,0,0,1,0,0,0
1962,4,9.6,51,0.833333333333333,0.33,13.57,6.95,0,0,0,0,0,0
1962,5,93.3,0,0,3.78387096774194,16.4225806451613,10.1032258064516,0,0,0,0,0,0
1962,6,38.9,0,0,7.48333333333333,22.1966666666667,14.84,0,0,0,0,0,0
1962,7,57.8,0,0,10.6838709677419,26.8838709677419,18.7838709677419,0,0,0,0,0,0
1962,8,24.6,0,0,8.80645161290323,26.4129032258065,17.6096774193548,0,0,0,0,0,0
1962,9,15.9,0,0,6.02666666666667,23.5233333333333,14.775,0,0,0,0,0,0
1963,1,7.3,77,4.03225806451613,-16.5,-6.15161290322581,-11.3258064516129,0,0,0,0,0,0
1963,10,9.5,0,0,3.46774193548387,17.5806451612903,10.5241935483871,0,0,0,0,0,0
1963,11,43.1,289,72,-3.81333333333333,3.73666666666667,-0.0383333333333333,0,0,0,0,0,0
1963,12,10.2,NA,NA,-11.8566666666667,-3.66,-7.75833333333333,0,31,29,1,1,1
1963,2,10.1,0,0,-4.46071428571429,5.99285714285714,0.766071428571429,0,0,0,0,0,0
1963,3,10,51,0,-5.39032258064516,7.34838709677419,0.979032258064516,0,0,0,0,0,0
1963,4,47.5,178,11.8666666666667,-2.19333333333333,9.87333333333333,3.84,0,0,0,0,0,0
1963,5,48.3,0,0,4.85161290322581,18.3290322580645,11.5903225806452,0,0,0,0,0,0
1963,6,72,0,0,6.69333333333333,20.1533333333333,13.4233333333333,0,0,0,0,0,0
1963,7,19.1,0,0,10.7516129032258,29.7,20.2258064516129,0,0,0,0,0,0
1963,8,6.5,0,0,11.2333333333333,29.3407407407407,20.287037037037,1,0,0,0,0,0
1963,9,52.2,0,0,8.59333333333333,23.61,16.1016666666667,0,0,0,0,0,0
1964,1,10.6,NA,NA,-14.3548387096774,-5.56451612903226,-9.95967741935484,0,31,31,0,0,0
1964,10,30,5,0,1.17741935483871,16.2354838709677,8.70645161290323,0,0,0,0,0,0
1964,11,25,216,33,-5.35,3.08666666666667,-1.13166666666667,0,0,0,0,0,0
1964,12,41.7,594,139.161290322581,-10.5931034482759,-1.7,-6.14655172413793,0,0,0,2,2,2
1964,2,5.3,NA,NA,-15.1793103448276,-5.07586206896552,-10.1275862068966,0,29,29,0,0,0
1964,3,15.4,NA,NA,-11.4741935483871,-1.85161290322581,-6.66290322580645,0,31,31,0,0,0
1964,4,34.6,0,0,-2.42333333333333,9.12666666666667,3.35166666666667,0,0,0,0,0,0
1964,5,64.3,0,0,2.89677419354839,16.9548387096774,9.9258064516129,0,0,0,0,0,0
1964,6,89.7,0,0,6.79666666666667,18.46,12.6283333333333,0,0,0,0,0,0
1964,7,17,0,0,12.1129032258065,29.858064516129,20.9854838709677,0,0,0,0,0,0
1964,8,28.5,0,0,9.06451612903226,27.0064516129032,18.0354838709677,0,0,0,0,0,0
1964,9,0,0,0,4.35333333333333,21.52,12.9366666666667,0,0,0,0,0,0
1965,1,23.7,520,415.7,-10.0033333333333,-1.78,-5.89166666666667,0,0,1,1,1,1
1965,10,3.1,0,0,1.74193548387097,17.6322580645161,9.68709677419355,0,0,0,0,0,0
1965,11,35.1,81,3.33333333333333,-2.03666666666667,7.45666666666667,2.71,0,0,0,0,0,0
1965,12,14.5,181,27.0666666666667,-8.11612903225806,0.0290322580645162,-4.04354838709677,0,0,1,0,0,0
1965,2,0.8,16,435.214285714286,-10.1321428571429,-1.53214285714286,-5.83214285714286,0,0,0,0,0,0
1965,3,0,5,240.870967741935,-10.2903225806452,1.31290322580645,-4.48870967741935,0,0,0,0,0,0
1965,4,61.1,50,0.833333333333333,0.433333333333333,11.7666666666667,6.1,0,0,0,0,0,0
1965,5,8.2,0,0,1.96451612903226,16.2645161290323,9.11451612903226,0,0,0,0,0,0
1965,6,67.7,0,0,6.9,21.5966666666667,14.2483333333333,0,0,0,0,0,0
1965,7,24.2,0,0,10.5677419354839,27.2032258064516,18.8854838709677,0,0,0,0,0,0
1965,8,61,0,0,9.83225806451613,26.3387096774194,18.0854838709677,0,0,0,0,0,0
1965,9,5.9,0,0,2.47,17.1866666666667,9.82833333333333,0,0,0,0,0,0
1966,1,6.7,183,143.58064516129,-10.5483870967742,-1.39354838709677,-5.97096774193548,0,0,0,0,0,0
1966,10,8.9,0,0,-0.829032258064516,13.2193548387097,6.19516129032258,0,0,0,0,0,0
1966,11,5.9,8,0,-3.68333333333333,5.17333333333333,0.745,0,0,0,0,0,0
1966,12,50.7,370,141.645161290323,-9.59032258064516,-1.91935483870968,-5.75483870967742,0,0,0,0,0,0
1966,2,10,195,248.535714285714,-11.4678571428571,-0.285714285714286,-5.87678571428571,0,0,0,0,0,0
1966,3,6.5,41,99.1290322580645,-6.10967741935484,6.00322580645161,-0.0532258064516129,0,0,0,0,0,0
1966,4,16.8,0,0,-1.76,12.41,5.325,0,0,0,0,0,0
1966,5,17.8,0,0,4.18387096774194,22.1161290322581,13.15,0,0,0,0,0,0
1966,6,23.4,0,0,7.38,24.26,15.82,0,0,0,0,0,0
1966,7,12.1,0,0,11.9451612903226,31.8258064516129,21.8854838709677,0,0,0,0,0,0
1966,8,5.9,0,0,10.3064516129032,28.3483870967742,19.3274193548387,0,0,0,0,0,0
1966,9,44.7,0,0,8.28666666666667,24.2,16.2433333333333,0,0,0,0,0,0
1967,1,28,371,342.354838709677,-8.76451612903226,-2.14193548387097,-5.45322580645161,0,0,0,0,0,0
1967,10,17.7,0,0,0.0387096774193548,14.341935483871,7.19032258064516,0,0,0,0,0,0
1967,11,22.6,152,10.9,-5.01,5.35,0.17,0,0,0,0,0,0
1967,12,11.9,468,291.838709677419,-13.7774193548387,-4.4258064516129,-9.10161290322581,0,0,0,0,0,0
1967,2,1.8,30,479.964285714286,-9.67857142857143,-0.378571428571429,-5.02857142857143,0,0,0,0,0,0
1967,3,25.5,237,284.322580645161,-5.56451612903226,3.55806451612903,-1.00322580645161,0,0,0,0,0,0
1967,4,39.4,25,0.833333333333333,-2.74,9.25333333333333,3.25666666666667,0,0,0,0,0,0
1967,5,44.5,0,0,3.45806451612903,18.1387096774194,10.7983870967742,0,0,0,0,0,0
1967,6,102.8,0,0,7.5,20.13,13.815,0,0,0,0,0,0
1967,7,65.6,0,0,11.5967741935484,28.6096774193548,20.1032258064516,0,0,0,0,0,0
1967,8,7.9,0,0,11.9225806451613,30.8677419354839,21.3951612903226,0,0,0,0,0,0
1967,9,3.3,0,0,8.35333333333333,25.0866666666667,16.72,0,0,0,0,0,0
1968,1,12.8,233,403.870967741935,-12.4677419354839,-2.83225806451613,-7.65,0,0,0,0,0,0
1968,10,26.5,0,0,0.161290322580645,13.5451612903226,6.85322580645161,0,1,0,0,0,0
1968,11,48.2,281,18.5,-6.17,1.99,-2.09,0,0,0,0,0,0
1968,12,20.5,355,181.870967741935,-11.6967741935484,-3.17096774193548,-7.43387096774194,3,5,0,0,0,0
1968,2,5.7,76,362.48275862069,-6.56896551724138,1.89655172413793,-2.33620689655172,0,0,0,0,0,0
1968,3,16.6,92,6.54838709677419,-3.61935483870968,7.96129032258064,2.17096774193548,0,0,0,0,0,0
1968,4,4.8,0,0,-3.28333333333333,11.2066666666667,3.96166666666667,0,2,0,0,0,0
1968,5,75,0,0,2.39677419354839,16.2193548387097,9.30806451612903,0,0,0,0,0,0
1968,6,62.5,0,0,6.74333333333333,22.3333333333333,14.5383333333333,0,1,0,0,0,0
1968,7,6.4,0,0,11.0354838709677,30.2709677419355,20.6532258064516,0,0,0,0,0,0
1968,8,84,0,0,8.91612903225806,23.3838709677419,16.15,0,0,0,0,0,0
1968,9,17,0,0,4.94666666666667,20.37,12.6583333333333,0,0,0,0,0,0
1969,1,69.7,379,387.709677419355,-10.7225806451613,-2.67741935483871,-6.7,0,0,0,0,0,0
1969,10,7.1,25,0.806451612903226,-2.0258064516129,11.1258064516129,4.55,0,0,0,0,0,0
1969,11,38.7,30,0.833333333333333,-5.21333333333333,5.58,0.183333333333333,0,0,0,0,0,0
1969,12,24.2,239,50.8064516129032,-8.30322580645161,0.841935483870968,-3.73064516129032,0,0,0,0,0,0
1969,2,45.5,612,621.464285714286,-9.42142857142857,-1.09642857142857,-5.25892857142857,0,0,0,0,0,0
1969,3,6.9,51,698.129032258065,-9.91612903225806,1.0741935483871,-4.42096774193548,0,0,0,0,0,0
1969,4,10.1,51,44.9,1.10516341448689e-17,11.95,5.975,0,0,0,0,0,0
1969,5,21.5,0,0,5.49677419354839,21.2709677419355,13.3838709677419,0,0,0,0,0,0
1969,6,77.1,0,0,6.79333333333333,21.5766666666667,14.185,0,0,0,0,0,0
1969,7,7.2,0,0,11.0064516129032,28.9903225806452,19.9983870967742,0,0,0,0,0,0
1969,8,1.3,0,0,10.9129032258065,31.3064516129032,21.1096774193548,0,0,0,0,0,0
1969,9,14.9,0,0,6.71666666666667,23.9133333333333,15.315,0,0,0,0,0,0
1970,1,19.7,208,197.387096774194,-9.16451612903226,-1.92258064516129,-5.54354838709677,0,0,0,0,0,0
1970,10,23.7,132,14.7096774193548,-2.29032258064516,10.7032258064516,4.20645161290323,0,0,0,0,0,0
1970,11,66.3,84,2.53333333333333,-4.04,3.78,-0.13,0,0,0,0,0,0
1970,12,28.7,487,311.290322580645,-11.1548387096774,-3.41290322580645,-7.28387096774194,0,0,0,0,0,0
1970,2,1.2,10,109.75,-7.16785714285714,4.46785714285714,-1.35,0,0,0,0,0,0
1970,3,22,137,5.64516129032258,-6.33548387096774,3.60645161290323,-1.36451612903226,0,0,0,0,0,0
1970,4,23.3,259,5.06666666666667,-4.2,7.72,1.76,0,0,0,0,0,0
1970,5,43.1,94,0,3.15161290322581,17.8677419354839,10.5096774193548,0,0,0,0,0,0
1970,6,67.8,0,0,8.12333333333333,23.4233333333333,15.7733333333333,0,0,0,0,0,0
1970,7,21.6,0,0,10.5,28.9677419354839,19.7338709677419,0,0,0,0,0,0
1970,8,8.7,0,0,10.9387096774194,31.1064516129032,21.0225806451613,0,0,0,0,0,0
1970,9,33.7,0,0,2.29333333333333,19.11,10.7016666666667,0,0,0,0,0,0
1971,1,12.4,233,514.58064516129,-11.441935483871,-4.05161290322581,-7.74677419354839,0,0,0,0,0,0
1971,10,11.4,95,4.06451612903226,-0.62258064516129,11.7225806451613,5.55,0,0,0,0,0,0
1971,11,27.7,487,109.166666666667,-6.44,2.38666666666667,-2.02666666666667,0,0,0,0,0,0
1971,12,44,889,375.967741935484,-14.0129032258065,-5.12258064516129,-9.56774193548387,0,0,0,0,0,0
1971,2,17.1,256,484.5,-9.99285714285714,-0.942857142857143,-5.46785714285714,0,0,0,0,0,0
1971,3,11.5,51,395.677419354839,-8.56451612903226,1.15806451612903,-3.70322580645161,0,0,0,0,0,0
1971,4,35.8,0,1.66666666666667,-1.45333333333333,10.0466666666667,4.29666666666667,0,0,0,0,0,0
1971,5,31.2,0,0,3.89354838709677,18.3,11.0967741935484,0,0,0,0,0,0
1971,6,51.1,0,0,6.86666666666667,22.1,14.4833333333333,0,0,0,0,0,0
1971,7,14.5,0,0,10.3612903225806,28.3161290322581,19.3387096774194,0,0,0,0,0,0
1971,8,40.9,0,0,12.0870967741935,31.2451612903226,21.6661290322581,0,0,0,0,0,0
1971,9,23.1,0,0,2.77666666666667,18.7466666666667,10.7616666666667,0,0,0,0,0,0
1972,1,6.6,110,418.612903225806,-14.2806451612903,-5.64838709677419,-9.96451612903226,0,0,0,0,0,0
1972,10,33.3,0,0,1.72258064516129,14.1032258064516,7.91290322580645,0,1,0,0,0,0
1972,11,29.3,0,0,-4.16666666666667,2.61,-0.778333333333333,0,4,0,0,0,0
1972,12,7.6,NA,34.52,-13.6161290322581,-5.09354838709677,-9.35483870967742,0,31,6,0,0,0
1972,2,1.1,5,363.413793103448,-9.38965517241379,-0.793103448275862,-5.09137931034483,0,0,0,0,0,0
1972,3,15.5,51,90.9354838709677,-3.83225806451613,7.05806451612903,1.61290322580645,0,0,0,0,0,0
1972,4,3.6,0,0,-1.88333333333333,12.3266666666667,5.22166666666667,0,0,0,0,0,0
1972,5,20.6,0,0,3.78064516129032,18.9,11.3403225806452,0,0,0,0,0,0
1972,6,49.6,0,0,8.11666666666667,24.22,16.1683333333333,0,0,0,0,0,0
1972,7,10.2,0,0,10.5935483870968,27.4903225806452,19.041935483871,0,0,0,0,0,0
1972,8,36.4,0,0,11.4935483870968,28.2161290322581,19.8548387096774,0,0,0,0,0,0
1972,9,27.7,0,0,4.09333333333333,19.6333333333333,11.8633333333333,0,0,0,0,0,0
1973,1,30,495,253.103448275862,-13.2806451612903,-4.28387096774194,-8.78225806451613,0,0,2,0,0,0
1973,10,4.3,0,0,0.854838709677419,15.158064516129,8.00645161290323,0,0,0,0,0,0
1973,11,49.6,304,46.5666666666667,-4.72333333333333,2.33333333333333,-1.195,0,0,0,0,0,0
1973,12,25.7,278,204.774193548387,-9.61290322580645,-1.03548387096774,-5.3241935483871,0,0,0,0,0,0
1973,2,9.2,280,300.923076923077,-9.86071428571429,-0.310714285714286,-5.08571428571429,2,0,15,0,0,0
1973,3,13.4,89,105.56,-6.44193548387097,2.75806451612903,-1.84193548387097,0,0,6,0,0,0
1973,4,17,0,0,-1.99,8.74666666666667,3.37833333333333,0,0,0,0,0,0
1973,5,21.9,0,0,3.63225806451613,19.2354838709677,11.4338709677419,0,0,0,0,0,0
1973,6,50.5,0,0,7.27666666666667,23.2333333333333,15.255,0,0,0,0,0,0
1973,7,36.8,0,0,11.8290322580645,28.5129032258065,20.1709677419355,0,0,0,0,0,0
1973,8,7.4,0,0,11.2387096774194,28.8741935483871,20.0564516129032,0,0,0,0,0,0
1973,9,33.5,0,0,5.1,21.74,13.42,0,0,0,0,0,0
1974,1,9.7,83,262.225806451613,-12.8225806451613,-4.52903225806452,-8.6758064516129,0,0,0,0,0,0
1974,10,40.9,203,2.45161290322581,1.51612903225806,15.7548387096774,8.63548387096774,0,0,0,0,0,0
1974,11,11.4,13,0,-4.08,4.58333333333333,0.251666666666667,0,0,0,0,0,0
1974,12,29.2,373,125.322580645161,-11.8096774193548,-2.22258064516129,-7.01612903225806,0,0,0,0,0,0
1974,2,4.1,53,262.928571428571,-10.6785714285714,-1.23571428571429,-5.95714285714286,0,0,0,0,0,0
1974,3,49.2,229,317.903225806452,-6.2,2.88064516129032,-1.65967741935484,0,0,0,0,0,0
1974,4,4.3,0,0,-1.06,12.4066666666667,5.67333333333333,0,0,0,0,0,0
1974,5,11.4,0,0,2.58064516129032,17.6935483870968,10.1370967741935,0,0,0,0,0,0
1974,6,0.8,0,0,9.39666666666667,27.4633333333333,18.43,0,0,0,0,0,0
1974,7,6.9,0,0,12.1354838709677,30.3451612903226,21.2403225806452,0,0,0,0,0,0
1974,8,30.8,0,0,9.69354838709677,27.0483870967742,18.3709677419355,0,0,0,0,0,0
1974,9,0,0,0,5.89333333333333,24.4,15.1466666666667,0,0,0,0,0,0
1975,1,15.5,199,303.258064516129,-14.8774193548387,-5.20645161290323,-10.041935483871,0,0,0,0,0,0
1975,10,27.4,127,8.16129032258065,0.532258064516129,12.7741935483871,6.65322580645161,0,0,0,0,0,0
1975,11,16,254,31.3,-7.31666666666667,2.28,-2.51833333333333,0,0,0,0,0,0
1975,12,19.6,406,160.483870967742,-7.88387096774194,-0.570967741935484,-4.22741935483871,0,0,0,0,0,0
1975,2,20.1,365,455.25,-12.7607142857143,-2.48571428571429,-7.62321428571429,0,0,0,0,0,0
1975,3,27.4,368,330.225806451613,-7.73870967741935,1.40322580645161,-3.16774193548387,0,0,0,0,0,0
1975,4,57.7,420,295.466666666667,-4.85,4.13333333333333,-0.358333333333333,0,0,0,0,0,0
1975,5,37.6,25,0.806451612903226,1.18064516129032,14.6096774193548,7.89516129032258,0,0,0,0,0,0
1975,6,50.4,0,0,5.81666666666667,21.0433333333333,13.43,0,0,0,0,0,0
1975,7,23.3,0,0,13.2322580645161,29.858064516129,21.5451612903226,0,0,0,0,0,0
1975,8,9.9,0,0,9.12258064516129,26.4516129032258,17.7870967741935,0,0,0,0,0,0
1975,9,19.1,0,0,6.18666666666667,23.6533333333333,14.92,0,0,0,0,0,0
1976,1,13.7,177,307.193548387097,-11.0709677419355,-2.53225806451613,-6.80161290322581,0,0,0,0,0,0
1976,10,31.8,0,0,-0.341935483870968,13.3258064516129,6.49193548387097,0,0,0,0,0,0
1976,11,0,0,0,-4.87666666666667,6.91333333333333,1.01833333333333,0,0,0,0,0,0
1976,12,0,0,0,-9.27741935483871,1.02903225806452,-4.1241935483871,0,0,0,0,0,0
1976,2,5.1,115,312.448275862069,-9.95862068965517,-0.1,-5.02931034482759,0,0,0,0,0,0
1976,3,15,89,228.612903225806,-9.49032258064516,1.03870967741935,-4.2258064516129,0,0,0,0,0,0
1976,4,29.3,102,5.06666666666667,-1.12666666666667,10.5233333333333,4.69833333333333,0,0,0,0,0,0
1976,5,20.3,0,0,4.42258064516129,19.8677419354839,12.1451612903226,0,0,0,0,0,0
1976,6,42.4,25,0,6.16666666666667,22.6433333333333,14.405,0,0,0,0,0,0
1976,7,15.8,0,0,12.3516129032258,30.541935483871,21.4467741935484,0,0,0,0,0,0
1976,8,46.4,0,0,8.90322580645161,26.1806451612903,17.541935483871,0,0,0,0,0,0
1976,9,56.9,0,0,7.26,22.9833333333333,15.1216666666667,0,0,0,0,0,0
1977,1,18.1,246,158.870967741935,-13.8741935483871,-4.21935483870968,-9.04677419354839,0,0,0,0,0,0
1977,10,3.8,25,0,0.490322580645161,15.5032258064516,7.99677419354839,0,0,0,0,0,0
1977,11,14.3,58,10.1,-6.54666666666667,3.67333333333333,-1.43666666666667,0,0,0,0,0,0
1977,12,38.4,265,41.7741935483871,-8.60645161290323,-0.716129032258064,-4.66129032258065,0,0,0,0,0,0
1977,2,5.3,38,64.4642857142857,-9.40357142857143,1.84285714285714,-3.78035714285714,0,0,0,0,0,0
1977,3,17.3,217,19.6129032258065,-6.68064516129032,3.99677419354839,-1.34193548387097,0,0,0,0,0,0
1977,4,5.6,25,0,0.68,17.22,8.95,0,0,0,0,0,0
1977,5,90.1,51,0,2.43870967741935,14.8064516129032,8.62258064516129,0,0,0,0,0,0
1977,6,48.3,0,0,10.2233333333333,25.9833333333333,18.1033333333333,0,0,0,0,0,0
1977,7,93.2,0,0,11.7903225806452,28.8935483870968,20.341935483871,0,0,0,0,0,0
1977,8,25.8,0,0,10.2064516129032,26.7903225806452,18.4983870967742,0,0,0,0,0,0
1977,9,54.1,0,0,5.31666666666667,21.7833333333333,13.55,0,0,0,0,0,0
1978,1,23.9,315,258.193548387097,-8.08064516129032,-1.38064516129032,-4.73064516129032,0,0,0,0,0,0
1978,10,5.6,13,0.806451612903226,0.464516129032258,16.7709677419355,8.61774193548387,0,0,0,0,0,0
1978,11,11,223,48.2666666666667,-7.97666666666667,2.54,-2.71833333333333,0,0,0,0,0,0
1978,12,22.4,235,209,-16.4548387096774,-6.29354838709677,-11.3741935483871,0,0,0,0,0,0
1978,2,29.5,303,381.035714285714,-8.51428571428571,-0.414285714285714,-4.46428571428571,0,0,0,0,0,0
1978,3,8.4,51,164.645161290323,-4.11935483870968,5.93225806451613,0.906451612903226,0,0,0,0,0,0
1978,4,82.1,51,0,-0.336666666666667,11.2233333333333,5.44333333333333,0,0,0,0,0,0
1978,5,6.9,0,0,2.7741935483871,17.0096774193548,9.89193548387097,0,0,0,0,0,0
1978,6,11.5,0,0,7.72666666666667,24.31,16.0183333333333,0,0,0,0,0,0
1978,7,21.6,0,0,11.3064516129032,29.0193548387097,20.1629032258065,0,0,0,0,0,0
1978,8,2,0,0,9.76774193548387,27.2096774193548,18.4887096774194,0,0,0,0,0,0
1978,9,50.9,102,1.7,5.31333333333333,20.67,12.9916666666667,0,0,0,0,0,0
1979,1,15.5,165,314.709677419355,-16.3806451612903,-7.4741935483871,-11.9274193548387,0,0,0,0,0,0
1979,10,20.6,0,0,1.2741935483871,15.8645161290323,8.56935483870968,0,0,0,0,0,0
1979,11,22.6,280,52.4666666666667,-8.12333333333333,2.64,-2.74166666666667,0,0,0,0,0,0
1979,12,9.1,152,110.58064516129,-8.2258064516129,1.19032258064516,-3.51774193548387,0,0,0,0,0,0
1979,2,27.1,308,381.107142857143,-10.4785714285714,-1.13571428571429,-5.80714285714286,0,0,0,0,0,0
1979,3,20.3,307,417.032258064516,-6.58387096774194,3.98709677419355,-1.29838709677419,0,0,0,0,0,0
1979,4,3.1,20,44.9333333333333,-2.10333333333333,11.17,4.53333333333333,0,0,0,0,0,0
1979,5,15.2,76,0,3.96451612903226,19.0774193548387,11.5209677419355,0,0,0,0,0,0
1979,6,19.3,0,0,7.26,25.28,16.27,0,0,0,0,0,0
1979,7,31.6,0,0,11.2548387096774,29.9548387096774,20.6048387096774,0,0,0,0,0,0
1979,8,39.1,0,0,10.5387096774194,27.7806451612903,19.1596774193548,0,0,0,0,0,0
1979,9,6.1,0,0,6.96,26.4166666666667,16.6883333333333,0,0,0,0,0,0
1980,1,14.3,146,166.225806451613,-12.5806451612903,-3.5,-8.04032258064516,0,0,0,0,0,0
1980,10,17.1,0,0,0.8,14.7451612903226,7.77258064516129,0,0,0,0,0,0
1980,11,16.3,51,1.7,-4.73666666666667,5.52,0.391666666666667,0,0,0,0,0,0
1980,12,18.3,180,28.4838709677419,-5.8741935483871,2.05483870967742,-1.90967741935484,0,0,0,0,0,0
1980,2,34.8,115,131.241379310345,-6.60689655172414,2.09655172413793,-2.2551724137931,0,0,0,0,0,0
1980,3,9.5,102,3.25806451612903,-5.49677419354839,5.24838709677419,-0.124193548387097,0,0,0,0,0,0
1980,4,10.1,0,0,0.69,14.8733333333333,7.78166666666667,0,0,0,0,0,0
1980,5,113.6,305,8.19354838709677,4.05161290322581,16.5451612903226,10.2983870967742,0,0,0,0,0,0
1980,6,38.5,0,0,7.30333333333333,21.7033333333333,14.5033333333333,0,0,0,0,0,0
1980,7,26.3,0,0,11.2290322580645,28.4322580645161,19.8306451612903,0,0,0,0,0,0
1980,8,25,0,0,9.90714285714286,26.0870967741935,17.7875,0,0,0,0,3,3
1980,9,44.7,0,0,6.27333333333333,21.8466666666667,14.06,0,0,0,0,0,0
1981,1,34.5,394,52.4516129032258,-5.88064516129032,4.46774193548387,-0.706451612903226,0,0,0,0,0,0
1981,10,41.4,25,0,-0.287096774193548,13.2129032258065,6.46290322580645,0,0,0,0,0,0
1981,11,33.7,136,12.7333333333333,-3.31666666666667,7.32,2.00166666666667,0,0,0,0,0,0
1981,12,37.6,314,148.322580645161,-9.66129032258065,-0.412903225806452,-5.03709677419355,0,0,0,0,0,0
1981,2,14.4,76,139.714285714286,-8.26785714285714,2.04642857142857,-3.11071428571429,0,0,0,0,0,0
1981,3,14.5,13,0,-3.07096774193548,9.02258064516129,2.9758064516129,0,0,0,0,0,0
1981,4,38.7,0,0,0.353333333333333,14.67,7.51166666666667,0,0,0,0,0,0
1981,5,94.9,25,0,4.14516129032258,17.2193548387097,10.6822580645161,0,0,0,0,0,0
1981,6,9.1,0,0,7.45666666666667,23.5,15.4783333333333,0,0,0,0,0,0
1981,7,15.9,0,0,11.4129032258065,30.1225806451613,20.7677419354839,0,0,0,0,0,0
1981,8,3.8,0,0,12.7741935483871,31.8258064516129,22.3,0,0,0,0,0,0
1981,9,12.5,0,0,7.53333333333333,25.6566666666667,16.595,0,0,0,0,0,0
1982,1,14.5,235,364.387096774194,-13.5387096774194,-3.9741935483871,-8.75645161290323,0,0,0,0,0,0
1982,10,46.8,109,0.806451612903226,0.312903225806452,12.0645161290323,6.18870967741935,0,0,0,0,0,0
1982,11,33.5,247,35.5,-7.19,2.05,-2.57,0,0,0,0,0,0
1982,12,55.7,496,313.032258064516,-10.5225806451613,-2.24516129032258,-6.38387096774194,0,1,0,0,0,0
1982,2,14.5,21,311.035714285714,-11.1285714285714,-1.84285714285714,-6.48571428571429,0,0,0,0,0,0
1982,3,61.6,336,91.7096774193548,-4.87096774193548,4.60967741935484,-0.130645161290323,0,0,0,0,0,0
1982,4,18.4,110,12.6333333333333,-3.75333333333333,9.77333333333333,3.01,0,0,0,0,0,0
1982,5,35.2,76,0,2.42903225806452,17.5903225806452,10.0096774193548,0,0,0,0,0,0
1982,6,54.5,0,0,7,22.72,14.86,0,0,0,0,0,0
1982,7,38.3,0,0,10.7903225806452,27.2741935483871,19.0322580645161,0,0,0,0,0,0
1982,8,6.4,0,0,12.0161290322581,30.741935483871,21.3790322580645,0,0,0,0,0,0
1982,9,32.3,0,0,6.5,21.13,13.815,0,0,0,0,0,0
1983,1,18.3,161,440.096774193548,-7.76129032258065,0.72258064516129,-3.51935483870968,0,0,0,0,0,0
1983,10,42,0,0,2.50645161290323,14.9193548387097,8.71290322580645,0,0,0,0,0,0
1983,11,78.7,368,49.0333333333333,-3.72666666666667,3.39666666666667,-0.165,0,0,0,0,0,0
1983,12,41.5,420,297.387096774194,-14.2387096774194,-5.66774193548387,-9.95322580645161,0,0,0,0,0,0
1983,2,38.3,300,574.214285714286,-7.80357142857143,2.33571428571429,-2.73392857142857,0,0,0,0,0,0
1983,3,54,63,231.870967741935,-3.37096774193548,4.75161290322581,0.690322580645161,0,0,0,0,0,0
1983,4,16.1,127,9.3,-2.62333333333333,9.16333333333333,3.27,0,0,0,0,0,0
1983,5,35.4,63,0,2.84838709677419,16.958064516129,9.90322580645161,0,0,0,0,0,0
1983,6,67.9,0,0,6.73666666666667,21.8333333333333,14.285,0,0,0,0,0,0
1983,7,42.1,0,0,10.5967741935484,26.8387096774194,18.7177419354839,0,0,0,0,0,0
1983,8,48.4,0,0,12.4193548387097,29.3129032258065,20.8661290322581,0,0,0,0,0,0
1983,9,48.8,13,0,5.90333333333333,23.1333333333333,14.5183333333333,0,0,0,0,0,0
1984,1,7.8,82,314.774193548387,-12.0935483870968,-4.00967741935484,-8.05161290322581,0,0,0,0,0,0
1984,10,24.2,50,0.806451612903226,-1.32258064516129,10.658064516129,4.66774193548387,0,0,0,0,0,0
1984,11,42.4,382,48.3,-5.12666666666667,3.22333333333333,-0.951666666666667,0,0,0,0,0,0
1984,12,11.2,145,267.129032258065,-13.6516129032258,-4.12258064516129,-8.88709677419355,0,2,0,0,0,0
1984,2,17.6,191,384.448275862069,-11.8758620689655,-0.382758620689655,-6.12931034482759,0,0,0,0,0,0
1984,3,21.4,114,279.354838709677,-5.98709677419355,3.17096774193548,-1.40806451612903,0,0,0,0,0,0
1984,4,56.5,344,4.23333333333333,-2.21666666666667,8.42,3.10166666666667,0,0,0,0,0,0
1984,5,31.7,13,0,2.91290322580645,17.8516129032258,10.3822580645161,0,0,0,0,0,0
1984,6,87,13,0,6.31,20.3333333333333,13.3216666666667,0,0,0,0,0,0
1984,7,79,0,0,11.8225806451613,28.2903225806452,20.0564516129032,0,0,0,0,0,0
1984,8,66.3,0,0,11.5516129032258,27.8806451612903,19.7161290322581,0,0,0,0,0,0
1984,9,9.2,0,0,4.25333333333333,21.18,12.7166666666667,0,0,0,0,0,0
1985,1,14.4,177,327.741935483871,-14.6483870967742,-4.17096774193548,-9.40967741935484,0,0,0,0,0,0
1985,10,2.9,13,0,-1.8741935483871,12.6290322580645,5.37741935483871,0,0,0,0,0,0
1985,11,44.8,559,152.466666666667,-11.0366666666667,-1.55666666666667,-6.29666666666667,0,0,0,0,0,0
1985,12,23.7,317,339.225806451613,-13.3870967741935,-3.81612903225806,-8.60161290322581,0,0,0,0,0,0
1985,2,13.2,202,514.214285714286,-15.475,-3.87142857142857,-9.67321428571429,0,0,0,0,0,0
1985,3,33.1,365,470.258064516129,-9.53225806451613,2.82903225806452,-3.35161290322581,0,0,0,0,0,0
1985,4,7.1,13,34.7333333333333,-0.48,13.7833333333333,6.65166666666667,0,0,0,0,0,0
1985,5,44.4,25,0,4.07741935483871,20.7032258064516,12.3903225806452,0,0,0,0,0,0
1985,6,12.9,0,0,7.64666666666667,25.8166666666667,16.7316666666667,0,0,0,0,0,0
1985,7,35.2,0,0,12.4161290322581,31.041935483871,21.7290322580645,0,0,0,0,0,0
1985,8,7.1,0,0,8.49032258064516,27.5870967741935,18.0387096774194,0,0,0,0,0,0
1985,9,62.4,0,0,2.75333333333333,17.61,10.1816666666667,0,0,0,0,0,0
1986,1,11.9,165,369.516129032258,-9.0741935483871,0.706451612903226,-4.18387096774194,0,0,0,0,0,0
1986,10,2.3,0,0,0.683870967741935,15.3870967741935,8.03548387096774,0,0,0,0,0,0
1986,11,9.7,88,8.4,-6.14333333333333,4.27666666666667,-0.933333333333333,0,0,0,0,0,0
1986,12,6.1,64,31.8709677419355,-9.49677419354839,1.73548387096774,-3.88064516129032,0,0,0,0,0,0
1986,2,24.4,306,334.892857142857,-6.88928571428571,1.15714285714286,-2.86607142857143,0,0,0,0,0,0
1986,3,30.2,153,4.09677419354839,-1.9258064516129,9.90322580645161,3.98870967741935,0,0,0,0,0,0
1986,4,50,26,0,-0.776666666666667,12.5466666666667,5.885,0,0,0,0,0,0
1986,5,40,0,0,2.81290322580645,18.4645161290323,10.6387096774194,0,0,0,0,0,0
1986,6,46.7,0,0,9.53333333333333,27.0766666666667,18.305,0,0,0,0,0,0
1986,7,15.5,0,0,9.15333333333333,27.2233333333333,18.1883333333333,0,0,0,1,1,1
1986,8,52.1,0,0,11.5290322580645,29.5129032258065,20.5209677419355,0,0,0,0,0,0
1986,9,23.5,0,0,4.11333333333333,17.6666666666667,10.89,0,0,0,0,0,0
1987,1,30,361,100.709677419355,-12.6516129032258,-2.28064516129032,-7.46612903225806,0,0,0,0,0,0
1987,10,0.8,0,0,1.30322580645161,18.2967741935484,9.8,0,0,0,0,0,0
1987,11,40.8,60,8.4,-3.13333333333333,6.12666666666667,1.49666666666667,0,0,0,0,0,0
1987,12,20.4,283,54.1612903225806,-9.7258064516129,-0.351612903225806,-5.03870967741936,0,0,0,0,0,0
1987,2,23.5,114,99.75,-7.25,3.05,-2.1,0,0,0,0,0,0
1987,3,27.2,103,1.61290322580645,-3.93870967741936,7.25806451612903,1.65967741935484,0,0,0,0,0,0
1987,4,0.5,0,0,1.05,18.9766666666667,10.0133333333333,0,0,0,0,0,0
1987,5,81,0,0,5.60645161290323,20.5935483870968,13.1,0,0,0,0,0,0
1987,6,16.1,0,0,8.2,25.73,16.965,0,0,0,0,0,0
1987,7,65.1,0,0,10.4709677419355,27.0032258064516,18.7370967741935,0,0,0,0,0,0
1987,8,15.7,0,0,9.33870967741935,27.0935483870968,18.2161290322581,0,0,0,0,0,0
1987,9,0,0,0,7.38666666666667,26.06,16.7233333333333,0,0,0,0,0,0
1988,1,21.1,272,146.774193548387,-13.0967741935484,-2.88709677419355,-7.99193548387097,0,0,0,0,0,0
1988,10,0,0,0,3.86451612903226,20.6451612903226,12.2548387096774,0,0,0,0,0,0
1988,11,65.2,649,99.8666666666667,-6.05333333333333,2.27666666666667,-1.88833333333333,0,0,0,0,0,0
1988,12,30.8,NA,284.483870967742,-12.1129032258065,-2.78064516129032,-7.44677419354839,0,19,0,0,0,0
1988,2,2,51,180.551724137931,-9.73793103448276,1.57241379310345,-4.08275862068966,0,0,0,0,0,0
1988,3,12.2,198,14.6774193548387,-5.17096774193548,6.00322580645161,0.416129032258064,0,0,0,0,0,0
1988,4,57.4,26,0,0.993333333333333,15.9433333333333,8.46833333333333,0,0,0,0,0,0
1988,5,12.5,0,0,3.7258064516129,19.9290322580645,11.8274193548387,0,0,0,0,0,0
1988,6,15.8,0,0,9.31333333333333,28.9633333333333,19.1383333333333,0,0,0,0,0,0
1988,7,6.6,0,0,12.5741935483871,32.1258064516129,22.35,0,0,0,0,0,0
1988,8,5.3,0,0,10.3032258064516,30.6677419354839,20.4854838709677,0,0,0,0,0,0
1988,9,10.1,0,0,5.91333333333333,23.5933333333333,14.7533333333333,0,0,0,0,0,0
1989,1,25.6,289,510.387096774194,-15.158064516129,-4.15806451612903,-9.65806451612903,0,0,0,0,0,0
1989,10,34.9,127,4.90322580645161,0.129032258064516,13.0290322580645,6.57903225806452,0,0,0,0,0,0
1989,11,6.1,76,11.8333333333333,-6.13333333333333,5.42333333333333,-0.355,0,1,0,0,0,0
1989,12,2,25,24.2903225806452,-11.6870967741935,-0.483870967741935,-6.08548387096774,0,0,0,0,0,0
1989,2,19.8,222,510.857142857143,-14.1642857142857,-3.59642857142857,-8.88035714285714,0,0,0,0,0,0
1989,3,30.3,113,217.064516129032,-4.09032258064516,4.65806451612903,0.283870967741935,0,0,0,0,0,0
1989,4,4.9,3,0,-0.223333333333333,15.3066666666667,7.54166666666667,0,0,0,0,0,0
1989,5,21.1,0,0,3.13870967741935,19.1258064516129,11.1322580645161,0,0,0,0,0,0
1989,6,30.9,0,0,7.2,24.61,15.905,0,0,0,0,0,0
1989,7,14.8,0,0,11.9161290322581,31.858064516129,21.8870967741935,0,0,0,0,0,0
1989,8,67.6,0,0,8.87741935483871,26.4354838709677,17.6564516129032,0,0,0,0,0,0
1989,9,21.7,0,0,4.63,23.1433333333333,13.8866666666667,0,0,0,0,0,0
1990,1,23.6,347,122.096774193548,-10.4935483870968,-0.5,-5.49677419354839,0,0,0,0,0,0
1990,10,5.9,0,0,-1.15806451612903,14.4258064516129,6.63387096774194,0,0,0,0,0,0
1990,11,18.1,84,6.76666666666667,-5.87666666666667,6.09,0.106666666666667,0,0,0,0,0,0
1990,12,15.4,349,52.3548387096774,-17.6258064516129,-6.52258064516129,-12.0741935483871,0,0,0,0,0,0
1990,2,15.5,296,281.25,-11.625,-0.832142857142857,-6.22857142857143,0,0,0,0,0,0
1990,3,17.4,134,53.1935483870968,-4.83870967741935,8.63548387096774,1.89838709677419,0,0,0,0,0,0
1990,4,22.9,5,0,0.906666666666667,16.2033333333333,8.555,0,0,0,0,0,0
1990,5,57.2,5,0,2.0741935483871,17.4129032258065,9.74354838709677,0,0,0,0,0,0
1990,6,44.6,13,0,7.08,24.0166666666667,15.5483333333333,0,0,0,0,0,0
1990,7,16.7,0,0,11.4548387096774,30.358064516129,20.9064516129032,0,0,0,0,0,0
1990,8,19.2,0,0,10.5967741935484,29.0064516129032,19.8016129032258,0,0,0,0,0,0
1990,9,28.8,0,0,8.50666666666667,26.8333333333333,17.67,0,0,0,0,0,0
1991,1,6.5,99,104.838709677419,-12.358064516129,-3.17741935483871,-7.76774193548387,0,0,0,0,0,0
1991,10,50.3,223,9.83870967741935,-0.451612903225806,14.2838709677419,6.91612903225806,0,0,0,0,0,0
1991,11,15.8,183,58.3,-7.22,1.39666666666667,-2.91166666666667,0,1,0,0,0,0
1991,12,11.7,175,192.548387096774,-10.3387096774194,0.0935483870967742,-5.12258064516129,0,0,0,0,0,0
1991,2,6.1,3,59.0357142857143,-5.28571428571429,5.33928571428571,0.0267857142857143,0,0,0,0,0,0
1991,3,43,161,1.61290322580645,-4.24516129032258,6.5258064516129,1.14032258064516,0,0,0,0,0,0
1991,4,32.2,86,0.833333333333333,-1.73,11.6133333333333,4.94166666666667,0,0,0,0,0,0
1991,5,88.8,25,0,2.47096774193548,15.5,8.98548387096774,0,0,0,0,0,0
1991,6,54.5,0,0,6.46333333333333,23.1233333333333,14.7933333333333,0,0,0,0,0,0
1991,7,10.7,0,0,11.0806451612903,30.1064516129032,20.5935483870968,0,0,0,0,0,0
1991,8,29.7,0,0,11.7064516129032,30.4096774193548,21.058064516129,0,0,0,0,0,0
1991,9,28,0,0,6.15333333333333,23.0333333333333,14.5933333333333,0,0,0,0,0,0
1992,1,2.4,28,228.935483870968,-10.2354838709677,-0.0838709677419355,-5.15967741935484,0,0,0,0,0,0
1992,10,23.8,0,0,1.45161290322581,16.941935483871,9.19677419354839,0,0,0,0,0,0
1992,11,30.5,440,60.9,-7.81333333333333,0.85,-3.48166666666667,0,0,0,0,0,0
1992,12,29.2,451,306.451612903226,-12.4903225806452,-4.1,-8.29516129032258,0,2,0,0,0,0
1992,2,32.5,297,233.862068965517,-5.26896551724138,4.85172413793103,-0.208620689655172,0,0,0,0,0,0
1992,3,14.3,0,13.9354838709677,-1.53225806451613,11.8935483870968,5.18064516129032,0,0,0,0,0,0
1992,4,3.8,25,0,1.20333333333333,17.4433333333333,9.32333333333333,0,0,0,0,0,0
1992,5,4.2,0,0,5.39354838709677,23.2967741935484,14.3451612903226,0,0,0,0,0,0
1992,6,61.7,0,0,8.75666666666667,24.8866666666667,16.8216666666667,0,0,0,0,0,0
1992,7,23.8,0,0,9.31290322580645,27.0225806451613,18.1677419354839,0,0,0,0,0,0
1992,8,15.1,0,0,10.4677419354839,29.9096774193548,20.1887096774194,0,0,0,0,0,0
1992,9,19.1,0,0,3.97666666666667,22.0733333333333,13.025,0,0,0,0,0,0
1993,1,41.2,530,630.129032258065,-13.0838709677419,-2.9,-7.99193548387097,0,0,0,0,0,0
1993,10,22.6,0,0,0.141935483870968,13.9967741935484,7.06935483870968,0,0,0,0,0,0
1993,11,2.8,66,15.2666666666667,-9.53,2.87666666666667,-3.32666666666667,0,0,0,0,0,0
1993,12,12.4,233,124.612903225806,-10.6096774193548,-0.612903225806452,-5.61129032258065,0,0,0,0,0,0
1993,2,21.9,269,738.321428571429,-11.6642857142857,-0.996428571428571,-6.33035714285714,0,0,0,0,0,0
1993,3,20.2,10,598.193548387097,-5.36774193548387,4.10967741935484,-0.629032258064516,0,0,0,0,0,0
1993,4,47.8,63,1.66666666666667,-1.26,10.27,4.505,0,0,0,0,0,0
1993,5,90.7,26,0,4.59354838709677,19.7,12.1467741935484,0,0,0,0,0,0
1993,6,47.5,0,0,5.64666666666667,20.4566666666667,13.0516666666667,0,0,0,0,0,0
1993,7,52.4,0,0,6.54193548387097,22.3967741935484,14.4693548387097,0,0,0,0,0,0
1993,8,34.7,0,0,7.58709677419355,25.5548387096774,16.5709677419355,0,0,0,0,0,0
1993,9,2,0,0,4.9,22.4633333333333,13.6816666666667,0,0,0,0,0,0
1994,1,9.5,111,160.612903225806,-8.31290322580645,0.680645161290323,-3.81612903225806,0,0,0,0,0,0
1994,10,47.8,18,0,0.174193548387097,12.6612903225806,6.41774193548387,0,0,0,0,0,0
1994,11,42.9,462,93.2,-9.32,-0.0433333333333333,-4.68166666666667,0,0,0,0,0,0
1994,12,42.1,416,424.451612903226,-8.94838709677419,-1.13548387096774,-5.04193548387097,0,0,0,0,0,0
1994,2,25.4,362,253,-10.7464285714286,-0.55,-5.64821428571429,1,0,0,0,0,0
1994,3,6.9,76,64.6451612903226,-4.19677419354839,10.0645161290323,2.93387096774194,0,0,0,0,0,0
1994,4,25.9,38,0,0.0366666666666668,14.9066666666667,7.47166666666667,0,0,0,0,0,0
1994,5,27.9,0,0,4.99677419354839,21.9129032258065,13.4548387096774,0,0,0,0,0,0
1994,6,34,0,0,7.91666666666667,25.93,16.9233333333333,0,0,0,0,0,0
1994,7,10.5,0,0,10.9516129032258,30.5516129032258,20.7516129032258,0,0,0,0,0,0
1994,8,24.1,0,0,11.0193548387097,30.8322580645161,20.9258064516129,0,0,0,0,0,0
1994,9,19.5,0,0,7.24333333333333,26.01,16.6266666666667,0,0,0,0,0,0
1995,1,37.9,330,451.483870967742,-9.28064516129032,-0.719354838709677,-5,0,0,0,0,0,0
1995,10,15,38,0.806451612903226,-1.67096774193548,12.9935483870968,5.66129032258065,0,0,0,0,0,0
1995,11,16.7,191,7.63333333333333,-4.09666666666667,7.18666666666667,1.545,0,0,0,0,0,0
1995,12,28.5,144,17,-8.03225806451613,1.76129032258065,-3.13548387096774,0,0,0,0,0,0
1995,2,3.8,63,471.642857142857,-6.79642857142857,2.71785714285714,-2.03928571428571,0,0,0,0,0,0
1995,3,79.9,317,193.322580645161,-5.20967741935484,4.1,-0.554838709677419,0,0,0,0,0,0
1995,4,46.5,90,2.53333333333333,-1.39,11.8966666666667,5.25333333333333,0,0,0,0,0,0
1995,5,109.1,0,0,2.70645161290323,15.9774193548387,9.34193548387097,0,0,0,0,0,0
1995,6,123.6,51,0,5.77,20.3666666666667,13.0683333333333,0,0,0,0,0,0
1995,7,43.6,0,0,9.42258064516129,26.6193548387097,18.0209677419355,0,0,0,0,0,0
1995,8,12.5,0,0,8.9,29.2129032258065,19.0564516129032,0,0,0,0,0,0
1995,9,25.9,0,0,5.54,23.3466666666667,14.4433333333333,0,0,0,0,0,0
1996,1,26.4,499,199.161290322581,-12.2322580645161,-1.50967741935484,-6.87096774193548,0,0,0,0,0,0
1996,10,22,132,1.64516129032258,-0.290322580645161,13.6322580645161,6.67096774193548,0,0,0,0,0,0
1996,11,31.2,216,16.0666666666667,-4.03666666666667,5.72666666666667,0.845,0,0,0,0,0,0
1996,12,39.7,435,168.806451612903,-9.38709677419355,-1.57741935483871,-5.48225806451613,0,0,0,0,0,0
1996,2,12,118,270.655172413793,-9.44827586206897,1.54137931034483,-3.95344827586207,0,0,0,0,0,0
1996,3,17,267,124.548387096774,-5.46451612903226,7.0258064516129,0.780645161290323,0,0,0,0,0,0
1996,4,35.1,154,0.833333333333333,-0.85,12.8833333333333,6.01666666666667,0,0,0,0,0,0
1996,5,52.2,0,0,2.53870967741935,16.5258064516129,9.53225806451613,0,0,0,0,0,0
1996,6,32.6,0,0,6.88,26.0633333333333,16.4716666666667,0,0,0,0,0,0
1996,7,15,0,0,11.9387096774194,29.9677419354839,20.9532258064516,0,0,0,0,0,0
1996,8,14.5,0,0,9.74193548387097,29.3516129032258,19.5467741935484,0,0,0,0,0,0
1996,9,32.5,0,0,4.14333333333333,20.89,12.5166666666667,0,2,0,0,0,0
1997,1,30,160,117.935483870968,-10.2677419354839,-1.43225806451613,-5.85,0,0,0,0,0,0
1997,10,15.9,13,0,-0.354838709677419,13.2612903225806,6.45322580645161,0,0,0,0,0,0
1997,11,10.1,171,22.8666666666667,-5.24,5.96666666666667,0.363333333333333,0,0,0,0,0,0
1997,12,17.2,234,146.612903225806,-10.8806451612903,-1.15806451612903,-6.01935483870968,0,0,0,0,0,0
1997,2,6.7,112,165.785714285714,-9.38214285714286,1.525,-3.92857142857143,0,0,0,0,0,0
1997,3,13.3,170,117.870967741935,-5.60322580645161,7.13870967741935,0.767741935483871,0,0,0,0,0,0
1997,4,31.6,38,0,-2.66666666666667,11.2966666666667,4.315,0,1,0,0,0,0
1997,5,54.4,0,0,3.90645161290323,20.2129032258065,12.0596774193548,0,0,0,0,0,0
1997,6,59.4,0,0,8.26666666666667,24.2266666666667,16.2466666666667,0,0,0,0,0,0
1997,7,22.9,0,0,9.88387096774194,27.9774193548387,18.9306451612903,0,0,0,0,0,0
1997,8,41.7,0,0,10.7032258064516,28.4709677419355,19.5870967741935,0,0,0,0,0,0
1997,9,16.8,0,0,6.99666666666667,23.82,15.4083333333333,0,0,0,0,0,0
1998,1,24.9,300,303.129032258065,-8.3258064516129,0.390322580645161,-3.96774193548387,0,0,0,0,0,0
1998,10,8.1,0,NA,0.412903225806452,15.8064516129032,8.10967741935484,0,0,31,0,0,0
1998,11,25.3,114,10.1,-3.33,4.44,0.555,0,0,0,0,0,0
1998,12,16.7,242,135.032258064516,-12.1096774193548,-2.58064516129032,-7.34516129032258,0,0,0,0,0,0
1998,2,28.7,408,496.178571428571,-6.96071428571429,1.62857142857143,-2.66607142857143,0,0,0,0,0,0
1998,3,19.8,96,377.741935483871,-5.89677419354839,4.29032258064516,-0.803225806451613,0,0,0,0,0,0
1998,4,38.2,135,0.862068965517241,-1.04,12.8633333333333,5.91166666666667,0,0,1,0,0,0
1998,5,118.9,0,0,3.11935483870968,18.0161290322581,10.5677419354839,0,0,0,0,0,0
1998,6,53.9,0,0,5.64666666666667,19.47,12.5583333333333,0,0,0,0,0,0
1998,7,20.2,0,0,12.8838709677419,31.2838709677419,22.0838709677419,0,0,0,0,0,0
1998,8,8.9,0,0,11.258064516129,30.1258064516129,20.691935483871,0,0,0,0,0,0
1998,9,26.4,0,0,8.77333333333333,25.7033333333333,17.2383333333333,0,0,0,0,0,0
1999,1,27.4,345,235.064516129032,-8.89032258064516,-0.103225806451613,-4.49677419354839,0,0,0,0,0,0
1999,10,3.6,0,0,-0.0548387096774193,17.4387096774194,8.69193548387097,0,0,0,0,0,0
1999,11,4.6,26,0,-2.76,11.0133333333333,4.12666666666667,0,0,0,0,0,0
1999,12,25.5,273,158.870967741935,-10.1903225806452,-1.18064516129032,-5.68548387096774,0,0,0,0,0,0
1999,2,32.6,355,464.428571428571,-9.74642857142857,0.617857142857143,-4.56428571428571,0,0,0,0,0,0
1999,3,5.8,54,361.354838709677,-5.90967741935484,5.57096774193548,-0.169354838709677,0,0,0,0,0,0
1999,4,42.4,228,5.1,-2.20666666666667,11.1066666666667,4.45,0,0,0,0,0,0
1999,5,106.8,165,0,2.01290322580645,16.3225806451613,9.16774193548387,0,2,0,0,0,0
1999,6,42.9,0,0,6.84,22.5866666666667,14.7133333333333,0,0,0,0,0,0
1999,7,0,0,0,9.94193548387097,29.6935483870968,19.8177419354839,0,0,0,0,0,0
1999,8,30.5,0,0,10.9387096774194,29.3870967741935,20.1629032258065,0,0,0,0,0,0
1999,9,0.8,0,0,3.72666666666667,22.5366666666667,13.1316666666667,0,0,0,0,0,0
2000,1,19.4,227,280.096774193548,-9.86129032258065,-1.17741935483871,-5.51935483870968,0,0,0,0,0,0
2000,10,35.8,0,0,1.13548387096774,13.9064516129032,7.52096774193548,0,0,0,0,0,0
2000,11,20.2,322,79.6,-10.4233333333333,1.16333333333333,-4.63,0,0,0,0,0,0
2000,12,13.2,229,207.935483870968,-11.2967741935484,-1.1,-6.19838709677419,0,0,0,0,0,0
2000,2,33.7,228,330.965517241379,-5.5448275862069,3.57931034482759,-0.982758620689655,0,0,0,0,0,0
2000,3,21.6,119,182.774193548387,-5.19677419354839,6.84516129032258,0.824193548387097,0,0,0,0,0,0
2000,4,31.7,0,0,1.05666666666667,16.24,8.64833333333333,0,2,0,0,0,0
2000,5,52.1,3,0,4.01290322580645,19.441935483871,11.7274193548387,0,0,0,0,0,0
2000,6,19.2,0,0,7.27666666666667,25.8066666666667,16.5416666666667,0,0,0,0,0,0
2000,7,11.2,0,0,11.9032258064516,31.3193548387097,21.6112903225806,0,0,0,0,0,0
2000,8,0.5,0,0,11.5903225806452,31.4838709677419,21.5370967741935,0,0,0,0,0,0
2000,9,30.5,0,0,4.87666666666667,22.3,13.5883333333333,0,0,0,0,0,0
2001,1,13.5,238,330.161290322581,-11.9322580645161,-1.44838709677419,-6.69032258064516,0,0,0,0,0,0
2001,10,24.2,13,0,0.393548387096774,15.5096774193548,7.95161290322581,0,0,0,0,0,0
2001,11,34.2,235,17.7666666666667,-2.75,8.29333333333333,2.77166666666667,0,0,0,0,0,0
2001,12,37.1,466,307.258064516129,-12.2870967741935,-3.6258064516129,-7.95645161290323,0,0,0,0,0,0
2001,2,9.3,206,409.964285714286,-10.3035714285714,-0.4,-5.35178571428571,0,0,0,0,0,0
2001,3,12.2,47,181.838709677419,-4.06129032258065,8.20967741935484,2.0741935483871,0,0,0,0,0,0
2001,4,26.6,71,0,-1.23,13.41,6.09,0,0,0,0,0,0
2001,5,3.1,0,0,3.87741935483871,22.9709677419355,13.4241935483871,0,0,0,0,0,0
2001,6,25.2,51,0,7.68333333333333,26.0233333333333,16.8533333333333,0,2,0,0,0,0
2001,7,23.1,0,0,12.5806451612903,30.5064516129032,21.5435483870968,0,0,0,0,0,0
2001,8,19.5,0,0,11.7387096774194,31.9322580645161,21.8354838709677,0,0,0,0,0,0
2001,9,4.4,0,0,6.97333333333333,26.6333333333333,16.8033333333333,0,0,0,0,0,0
2002,1,17.2,333,419.387096774194,-12.7064516129032,-3.48064516129032,-8.09354838709677,0,0,0,0,0,0
2002,10,9.6,94,3.29032258064516,-1.88064516129032,13.4129032258065,5.76612903225806,0,0,0,0,0,0
2002,11,18,54,0,-6.91,3.94,-1.485,0,0,7,0,0,0
2002,12,22.3,324,53.2258064516129,-6.64838709677419,0.551612903225806,-3.04838709677419,0,0,0,0,0,0
2002,2,4.4,163,439,-13.1892857142857,-1.29285714285714,-7.24107142857143,0,0,0,0,0,0
2002,3,8.9,83,372.741935483871,-8.47741935483871,2.06129032258065,-3.20806451612903,0,0,0,0,0,0
2002,4,20.4,50,0.833333333333333,-1.14666666666667,13.5166666666667,6.185,0,0,0,0,0,0
2002,5,22.7,3,0,3.10322580645161,19.2,11.1516129032258,0,0,0,0,0,0
2002,6,32.7,0,0,8.19666666666667,25.61,16.9033333333333,0,0,0,0,0,0
2002,7,7.1,0,0,13.4258064516129,32.9483870967742,23.1870967741935,0,0,0,0,0,0
2002,8,6.2,0,0,9.34516129032258,29.1516129032258,19.2483870967742,0,0,0,0,0,0
2002,9,19.2,0,0,5.90666666666667,23.6833333333333,14.795,0,0,0,0,0,0
2003,1,7.5,51,137.612903225806,-5.5258064516129,1.81612903225806,-1.85483870967742,0,0,0,0,0,0
2003,10,1,0,0,2.14193548387097,18.4290322580645,10.2854838709677,0,0,0,0,0,0
2003,11,6.7,50,0.833333333333333,-8.09333333333333,2.69,-2.70166666666667,0,0,0,0,0,0
2003,12,38.9,317,52.5806451612903,-6.78387096774194,1.41935483870968,-2.68225806451613,0,0,0,0,0,0
2003,2,19.6,130,106,-9.74285714285714,1.33214285714286,-4.20535714285714,0,0,0,0,0,0
2003,3,12.8,3,41,-3.90322580645161,8.55161290322581,2.3241935483871,0,0,0,0,0,0
2003,4,89.4,136,0.833333333333333,-0.483333333333333,12.7366666666667,6.12666666666667,0,0,0,0,0,0
2003,5,39.6,50,0.806451612903226,3.52903225806452,19.5322580645161,11.5306451612903,0,0,0,0,0,0
2003,6,7,0,0,7.69,25.9833333333333,16.8366666666667,0,0,0,0,0,0
2003,7,1.3,0,0,13.9129032258065,34.5032258064516,24.208064516129,0,0,0,0,0,0
2003,8,4,0,0,12.9677419354839,32.2129032258064,22.5903225806452,0,0,0,0,0,0
2003,9,8.4,0,0,5.75333333333333,23.93,14.8416666666667,0,0,0,0,0,0
2004,1,19.3,228,352.258064516129,-11.5258064516129,-2.60322580645161,-7.06451612903226,0,0,0,0,0,0
2004,10,70.9,64,1.61290322580645,1.77741935483871,14.4161290322581,8.09677419354839,0,0,0,0,0,0
2004,11,0,0,0,-4.75,5.65666666666667,0.453333333333333,0,0,0,0,0,0
2004,12,30,333,28.4838709677419,-6.61612903225806,0.538709677419355,-3.03870967741935,0,0,0,0,0,0
2004,2,29.1,304,433.48275862069,-9.36206896551724,-0.262068965517241,-4.81206896551724,0,0,0,0,0,0
2004,3,12.7,30,238.483870967742,-3.80967741935484,9.46129032258064,2.8258064516129,0,0,0,0,0,0
2004,4,30,28,0,0.59,15.82,8.205,0,0,0,0,0,0
2004,5,36.6,0,0,3.36774193548387,18.6709677419355,11.0193548387097,0,0,0,0,0,0
2004,6,44,0,0,7.25666666666667,25.09,16.1733333333333,0,0,0,0,0,0
2004,7,18.7,0,0,11.041935483871,29.9064516129032,20.4741935483871,0,0,0,0,0,0
2004,8,23,0,0,10.0645161290323,28.0870967741935,19.0758064516129,0,0,0,0,0,0
2004,9,23.6,0,0,5.57,22.6333333333333,14.1016666666667,0,0,0,0,0,0
2005,1,19.1,320,322.838709677419,-9.11935483870968,-0.370967741935484,-4.74516129032258,0,0,0,0,0,0
2005,10,51.1,0,0,1.4,14.4451612903226,7.92258064516129,0,0,0,0,0,0
2005,11,24.4,252,24.5,-5.31666666666667,4.29666666666667,-0.51,0,0,0,0,0,0
2005,12,53.2,207,156.258064516129,-10.5129032258065,-3.06774193548387,-6.79032258064516,0,0,0,0,0,0
2005,2,2.8,26,303.071428571429,-9.66071428571429,2.10357142857143,-3.77857142857143,0,0,0,0,0,0
2005,3,28,92,147.451612903226,-4.80322580645161,6.48709677419355,0.841935483870968,0,0,0,0,0,0
2005,4,40.5,74,0,-0.63,14.02,6.695,0,0,0,0,0,0
2005,5,71.4,0,0,3.73870967741935,17.4903225806452,10.6145161290323,0,0,0,0,0,0
2005,6,50.3,0,0,5.55333333333333,22.1833333333333,13.8683333333333,0,0,0,0,0,0
2005,7,1.8,0,0,11.5129032258065,31.2483870967742,21.3806451612903,0,0,0,0,0,0
2005,8,12.4,0,0,10.558064516129,29.4290322580645,19.9935483870968,0,0,0,0,0,0
2005,9,37.2,0,0,5.77333333333333,22.3866666666667,14.08,0,0,0,0,0,0
2006,1,40.5,400,475.225806451613,-9.15806451612903,-1.88387096774194,-5.52096774193548,0,0,0,0,0,0
2006,10,49.6,13,0,-0.0548387096774193,11.5935483870968,5.76935483870968,0,0,0,0,0,0
2006,11,24.1,220,14.3333333333333,-4.71333333333333,4.19333333333333,-0.26,0,0,0,0,0,0
2006,12,16.5,204,40.9032258064516,-10.0870967741935,-0.896774193548387,-5.49193548387097,0,0,0,0,0,0
2006,2,8.2,8,513.321428571429,-13.5071428571429,-3.64642857142857,-8.57678571428571,0,0,0,0,0,0
2006,3,35.6,132,380.903225806452,-6.5258064516129,2.56451612903226,-1.98064516129032,0,0,0,0,0,0
2006,4,68.9,140,22.8333333333333,0.223333333333333,12.3366666666667,6.28,0,0,0,0,0,0
2006,5,16.8,0,0,4.04838709677419,19.5354838709677,11.791935483871,0,0,0,0,0,0
2006,6,45,0,0,9.01333333333333,25.4466666666667,17.23,0,0,0,0,0,0
2006,7,17.7,0,0,13.2225806451613,31.4096774193548,22.3161290322581,0,0,0,0,0,0
2006,8,9.9,0,0,9.83225806451613,28.4258064516129,19.1290322580645,0,0,0,0,0,0
2006,9,23.5,0,0,5.53,21.15,13.34,0,0,0,0,0,0
2007,1,3.8,101,151.58064516129,-14.3838709677419,-4.18064516129032,-9.28225806451613,0,0,0,0,0,0
2007,10,30.2,0,0,0.361290322580645,12.7838709677419,6.57258064516129,0,0,0,0,0,0
2007,11,1,51,1.7,-5.22333333333333,5.52666666666667,0.151666666666667,0,0,0,0,0,0
2007,12,24.9,420,95.1612903225806,-10.8612903225806,-4.33225806451613,-7.59677419354839,0,0,0,0,0,0
2007,2,18.6,233,127.142857142857,-6.46428571428571,1.36428571428571,-2.55,0,0,0,0,0,0
2007,3,8.2,0,41.7741935483871,-2.9741935483871,9.91935483870968,3.47258064516129,0,0,0,0,0,0
2007,4,27,5,0,0.0133333333333333,14.2333333333333,7.12333333333333,0,0,0,0,0,0
2007,5,18.3,102,0,4.24838709677419,21.2548387096774,12.7516129032258,0,0,0,0,0,0
2007,6,6.7,0,0,8.34666666666667,27,17.6733333333333,0,0,0,0,0,0
2007,7,13.8,0,0,15.2516129032258,33.2967741935484,24.2741935483871,0,0,0,0,0,0
2007,8,12.2,0,0,11.5612903225806,29.6935483870968,20.6274193548387,0,0,0,0,0,0
2007,9,40.2,0,0,5.7,21.74,13.72,0,0,0,0,0,0
2008,1,45.2,764,453.870967741935,-14.7516129032258,-5.58064516129032,-10.1661290322581,0,1,0,0,0,0
2008,10,5.1,0,0,NA,NA,NA,0,0,0,22,22,22
2008,11,30.5,0,0,-2.72666666666667,6.75333333333333,2.01333333333333,0,0,0,0,0,0
2008,12,38.5,691,142.548387096774,-12.3677419354839,-3.53225806451613,-7.95,0,0,0,0,0,0
2008,2,13.2,241,802.344827586207,-11.0551724137931,-2.91034482758621,-6.98275862068965,0,1,0,0,0,0
2008,3,14.3,131,708.774193548387,-9.78709677419355,0.235483870967742,-4.7758064516129,0,0,0,0,0,0
2008,4,18.9,114,287.866666666667,-5.29333333333333,7.39666666666667,1.05166666666667,1,0,0,0,0,0
2008,5,51.5,25,0.806451612903226,2.96451612903226,16.1935483870968,9.57903225806452,0,0,0,0,0,0
2008,6,7.7,0,0,7.07333333333333,22.92,14.9966666666667,0,0,0,0,0,0
2008,7,1.5,0,0,11.9225806451613,30.4483870967742,21.1854838709677,0,0,0,0,0,0
2008,8,8.6,0,0,10.5677419354839,29.2096774193548,19.8887096774194,0,0,0,0,0,0
2008,9,13.6,0,0,5.44,22.4633333333333,13.9516666666667,0,0,0,0,0,0
2009,1,4.7,119,355,-11.0967741935484,-2.82903225806452,-6.96290322580645,0,0,0,0,0,0
2009,10,22.8,74,0.806451612903226,-0.806451612903226,10.341935483871,4.76774193548387,0,0,0,0,0,0
2009,11,4.4,108,7.56666666666667,-4.68666666666667,5.35333333333333,0.333333333333333,0,0,0,0,0,0
2009,12,13.8,236,63.9677419354839,-11.9709677419355,-4.67741935483871,-8.3241935483871,0,0,0,0,0,0
2009,2,13.5,371,447.25,-9.78214285714286,-0.921428571428571,-5.35178571428571,0,0,0,0,0,0
2009,3,18.6,215,240.161290322581,-6.49677419354839,3.11935483870968,-1.68870967741935,0,0,0,0,0,0
2009,4,23.9,77,7.63333333333333,-0.92,11.5266666666667,5.30333333333333,0,0,0,0,0,0
2009,5,16.8,0,0,3.14516129032258,19.6967741935484,11.4209677419355,0,0,0,0,0,0
2009,6,98.7,0,0,6.83,20.0766666666667,13.4533333333333,0,0,0,0,0,0
2009,7,31.5,0,0,11.0451612903226,27.3709677419355,19.208064516129,0,0,0,0,0,0
2009,8,16.6,0,0,10.0258064516129,27.7612903225806,18.8935483870968,0,0,0,0,0,0
2009,9,5.8,0,0,8.36,26.68,17.52,0,0,0,0,0,0
2010,1,24.8,465,265.451612903226,-7.54838709677419,-1.04838709677419,-4.29838709677419,0,0,0,0,0,0
2010,10,34.1,5,0,4.72903225806452,17.741935483871,11.2354838709677,0,0,0,0,0,0
2010,11,43.3,382,61.7,-2.24,5.37666666666667,1.56833333333333,0,0,0,0,0,0
2010,12,51.8,430,256.451612903226,-4.46774193548387,1.28709677419355,-1.59032258064516,0,0,0,0,0,0
2010,2,8.4,176,415.357142857143,-8.99285714285714,-1.83928571428571,-5.41607142857143,0,0,0,0,0,0
2010,3,7.2,61,221.129032258065,-0.406666666666667,7.60967741935484,3.55166666666667,0,0,0,0,1,1
2010,4,48.8,311,7.63333333333333,2.72,14.9366666666667,8.82833333333333,0,0,0,0,0,0
2010,5,41.9,33,0,2.59677419354839,15.5096774193548,9.05322580645161,0,0,0,0,0,0
2010,6,45.3,0,0,10.04,23.1166666666667,16.5783333333333,0,0,0,0,0,0
2010,7,5.1,0,0,10.5870967741935,29.3193548387097,19.9532258064516,2,0,0,0,0,0
2010,8,24.2,0,0,10.4225806451613,27.958064516129,19.1903225806452,0,0,0,0,0,0
2010,9,8.7,0,0,6.64333333333333,24.6333333333333,15.6383333333333,0,0,0,0,0,0
2011,1,8.2,110,402.903225806452,-7.50645161290323,-1.79032258064516,-4.64838709677419,0,0,0,0,0,0
2011,10,50,43,1.64516129032258,2.94838709677419,14.6548387096774,8.80161290322581,0,0,0,0,0,0
2011,11,2.9,122,6.06896551724138,-5.91333333333333,4.25,-0.831666666666667,2,1,1,0,0,0
2011,12,8.2,108,1.64516129032258,-10.1,-0.193548387096774,-5.14677419354839,0,0,0,0,0,0
2011,2,6.4,204,460.785714285714,-10.4392857142857,-2.3,-6.36964285714286,0,0,0,0,0,0
2011,3,27.4,296,408.903225806452,-2.52903225806452,4.33548387096774,0.903225806451613,0,0,0,0,0,0
2011,4,21.6,104,37.2666666666667,-0.963333333333333,10.8633333333333,4.95,0,0,0,0,0,0
2011,5,77.5,0,0,3.8,16.3806451612903,10.0903225806452,0,0,0,0,0,0
2011,6,52.4,0,0,7.06666666666667,22.2033333333333,14.635,0,0,0,0,0,0
2011,7,16.4,0,0,10.9838709677419,30.0451612903226,20.5145161290323,0,0,0,0,0,0
2011,8,16.6,0,0,11.2096774193548,29.8870967741935,20.5483870967742,0,0,0,0,0,0
2011,9,15,0,0,7.93,25.59,16.76,0,0,0,0,0,0
2012,1,26.5,263,61.4516129032258,-9.04516129032258,0.338709677419355,-4.35322580645161,0,0,0,0,0,0
2012,10,13.7,56,0,-0.12258064516129,13.6290322580645,6.75322580645161,0,0,0,0,0,0
2012,11,18.9,117,10.1666666666667,-1.61333333333333,6.27333333333333,2.33,0,0,0,0,0,0
2012,12,30.3,340,62.5666666666667,-7.33225806451613,-0.0419354838709678,-3.68709677419355,3,1,1,0,0,0
2012,2,12.8,250,186.655172413793,-7.88620689655172,1.13103448275862,-3.37758620689655,0,0,0,0,0,0
2012,3,24.2,86,67.7333333333333,0.703448275862069,11.6096774193548,6.01034482758621,0,0,1,0,2,2
2012,4,27.1,109,1.7,2.9,17.7166666666667,10.3083333333333,0,0,0,0,0,0
2012,5,25.2,3,0,4.26774193548387,20.4032258064516,12.3354838709677,0,0,0,0,0,0
2012,6,15.7,0,0,7.99666666666667,26.9866666666667,17.4916666666667,0,0,0,0,0,0
2012,7,15.5,0,0,13.4548387096774,31.8096774193548,22.6322580645161,0,0,0,0,0,0
2012,8,10.4,0,0,12.1774193548387,31.0516129032258,21.6145161290323,0,0,0,0,0,0
2012,9,10.6,0,0,7.56333333333333,24.8933333333333,16.2283333333333,0,0,0,0,0,0
2013,1,15.8,276,224.645161290323,-12.758064516129,-3.74516129032258,-8.25161290322581,0,0,0,0,0,0
2013,10,NA,NA,NA,-0.592307692307692,12.5129032258065,6.10384615384615,17,16,16,0,5,5
2013,11,3.9,36,0.961538461538462,-3.68333333333333,6.51333333333333,1.415,6,5,4,0,0,0
2013,12,0.3,265,58.6538461538462,-12.6903225806452,-4.24516129032258,-8.46774193548387,10,7,5,0,0,0
2013,2,15.5,210,277.607142857143,-8.18928571428571,-0.807142857142857,-4.49821428571429,0,0,0,0,0,0
2013,3,6.6,179,228.677419354839,-3.42258064516129,6.8258064516129,1.70161290322581,0,0,0,0,0,0
2013,4,9.2,21,0,0.66,14.36,7.51,2,1,0,0,0,0
2013,5,29,0,0,5.69677419354839,20.1516129032258,12.9241935483871,2,0,0,0,0,0
2013,6,4,0,0,8.78333333333333,26.96,17.8716666666667,0,0,0,0,0,0
2013,7,21.5,0,0,14.0935483870968,32.3645161290323,23.2290322580645,2,0,0,0,0,0
2013,8,3.3,0,0,13.1903225806452,31.1032258064516,22.1467741935484,0,0,0,0,0,0
2013,9,36.8,0,0,9.41333333333333,23.2133333333333,16.3133333333333,0,0,0,0,0,0
2014,1,3.3,79,110.928571428571,-9.03225806451613,-0.848387096774194,-4.94032258064516,0,0,3,0,0,0
2014,10,2.5,0,0,2.75806451612903,16.8548387096774,9.80645161290323,0,0,0,0,0,0
2014,11,10.6,75,7.56666666666667,-6.25,3.58666666666667,-1.33166666666667,0,0,0,0,0,0
2014,12,27.2,409,76.9354838709677,-5.25161290322581,1.09354838709677,-2.07903225806452,0,0,0,0,0,0
2014,2,10.4,196,141.304347826087,-9.15,1.19642857142857,-3.97678571428571,6,5,5,0,0,0
2014,3,22.4,46,0,-2.26451612903226,9.26129032258065,3.49838709677419,3,2,2,0,0,0
2014,4,47.1,242,0.892857142857143,0.303333333333333,14.2433333333333,7.27333333333333,4,4,2,0,0,0
2014,5,10.9,0,0,5.31333333333333,20.8903225806452,13.08,5,2,0,0,1,1
2014,6,14,0,0,7.55666666666667,24.0233333333333,15.79,2,0,0,0,0,0
2014,7,6.9,0,0,13.4516129032258,31.4322580645161,22.441935483871,0,0,0,0,0,0
2014,8,112.6,0,0,12.3483870967742,26.2516129032258,19.3,0,0,0,0,0,0
2014,9,54.7,0,0,7.98666666666667,23.6166666666667,15.8016666666667,0,0,0,0,0,0
2015,1,9.1,13,113.225806451613,-7.69677419354839,-0.351612903225807,-4.0241935483871,0,0,0,0,0,0
2015,10,25.4,0,0,4.85483870967742,17.8774193548387,11.3661290322581,0,0,0,0,0,0
2015,11,28.5,87,3.4,-5.68333333333333,3.16333333333333,-1.26,0,0,0,0,0,0
2015,12,36.1,696,126.925925925926,-10.3870967741935,-2.11290322580645,-6.25,0,0,4,0,0,0
2015,2,2,11,14.5,-3.17857142857143,5.97857142857143,1.4,0,0,0,0,0,0
2015,3,2.1,11,0,-1.4,13.0967741935484,5.84838709677419,0,0,0,0,0,0
2015,4,12.8,13,0,0.393333333333333,15.5133333333333,7.95333333333333,0,0,0,0,0,0
2015,5,96.4,0,0,5.94838709677419,18.7677419354839,12.358064516129,0,0,0,0,0,0
2015,6,32.5,0,0,12.0966666666667,28.8033333333333,20.45,0,0,0,0,0,0
2015,7,44.7,0,0,11.6516129032258,28.6548387096774,20.1532258064516,0,0,0,0,0,0
2015,8,20.1,0,0,11.7032258064516,29.1516129032258,20.4274193548387,0,0,0,0,0,0
2015,9,15.8,0,0,6.99,24.85,15.92,0,0,0,0,0,0
2016,1,22.3,435,353.161290322581,-7.97741935483871,-2.32258064516129,-5.15,0,0,0,0,0,0
2016,2,9.2,75,357.206896551724,-6.77931034482759,0.731034482758621,-3.02413793103448,0,0,0,0,0,0
2016,3,33.1,91,81.9032258064516,-1.59032258064516,8.24516129032258,3.32741935483871,0,0,0,0,0,0
2016,4,24.9,0,0,2.56666666666667,17.2266666666667,9.89666666666667,0,0,0,0,0,0
2016,5,84.4,0,0,4.94516129032258,19.4645161290323,12.2048387096774,0,0,0,0,0,0
