387144000,0,0,0,0,0
387151200,0,0,0,0,0
387158400,0,0,0,0,0
387165600,0,0,0,0,0
387172800,0,0,0,0,0
387180000,0,0,0,0,0
387187200,0,0,0,0,0
387194400,0,0,0,0,0
387201600,0,0,0,0,0
387208800,0,0,0,0,0
387216000,0,0,0,0,0
387223200,0,0,0,0,0
387230400,0,0,0,0,0
387237600,0,0,0,0,0
387244800,0,0,0,0,0
387252000,0,0,0,0,0
387259200,0,0,0,0,0
387266400,0,0,0,0,0
387273600,0,0,0,0,0
387280800,0,0,0,0,0
387288000,0,0,0,0,0
387295200,0,0,0,0,0
387302400,0,0,0,0,0
387309600,1790,0,0,0,0
387316800,1584,657,675,776,734
387324000,1194,655,677,778,737
387331200,1190,655,679,777,737
387338400,1162,654,679,777,738
387345600,1074,654,680,777,738
387352800,1029,654,681,776,738
387360000,1084,654,681,775,738
387367200,1557,655,681,772,737
387374400,1853,657,681,772,735
387381600,1946,660,681,774,735
387388800,2029,662,681,778,736
387396000,2028,665,681,779,737
387403200,1810,663,682,779,739
387410400,1200,661,683,779,741
387417600,1078,659,683,779,741
387424800,1179,658,683,776,741
387432000,1223,657,683,775,740
387439200,1119,656,683,775,741
387446400,1201,656,683,773,739
387453600,1594,656,683,770,739
387460800,1847,659,683,770,738
387468000,1956,662,682,773,738
387475200,1971,664,682,775,738
387482400,1813,665,683,775,739
387489600,1602,663,683,774,741
387496800,1318,662,683,773,742
387504000,1179,663,677,767,737
387511200,1146,663,675,767,738
387518400,1130,663,675,767,737
387525600,1105,662,677,767,735
387532800,1093,660,679,767,734
387540000,1130,659,679,765,731
387547200,1304,661,681,759,728
387554400,1329,664,679,768,736
387561600,1232,663,678,764,728
387568800,1354,664,681,766,734
387576000,1163,664,681,770,739
387583200,1049,663,681,771,739
387590400,1002,663,681,772,739
387597600,963,663,681,771,740
387604800,924,662,681,771,739
387612000,881,662,681,770,739
387619200,920,662,681,770,739
387626400,1041,662,680,767,737
387633600,1164,663,680,767,737
387640800,1305,665,680,768,737
387648000,1424,667,680,770,737
387655200,1438,669,679,771,737
387662400,1287,668,679,773,739
387669600,994,666,679,774,739
387676800,931,665,680,773,739
387684000,895,664,680,772,739
387691200,887,663,681,771,739
387698400,901,663,681,771,739
387705600,952,662,681,771,739
387712800,1231,662,680,766,736
387720000,1414,663,679,766,735
387727200,1611,665,679,769,735
387734400,1655,668,679,772,736
387741600,1551,670,679,774,737
387748800,1346,669,679,775,739
387756000,1169,667,680,775,739
387763200,1095,667,681,775,739
387770400,1019,666,681,773,739
387777600,972,665,681,773,739
387784800,947,664,681,771,739
387792000,1018,663,681,770,739
387799200,1149,663,680,769,738
387806400,1353,665,680,768,737
387813600,1331,667,679,771,737
387820800,1443,668,679,771,737
387828000,1362,669,679,772,737
387835200,1225,668,679,772,739
387842400,1019,667,679,773,739
387849600,906,665,680,771,739
387856800,809,664,680,771,739
387864000,834,663,680,770,739
387871200,742,662,680,769,739
387878400,736,662,679,768,738
387885600,1145,662,679,766,737
387892800,1342,663,679,766,737
387900000,1502,667,679,769,736
387907200,1496,669,679,771,736
387914400,1417,669,679,771,737
387921600,1285,668,679,771,738
387928800,1167,667,679,770,739
387936000,964,667,679,771,739
387943200,1002,666,679,769,739
387950400,1077,666,679,768,739
387957600,1108,665,679,767,738
387964800,1095,665,679,767,738
387972000,1236,666,679,767,737
387979200,1493,668,679,767,737
387986400,1643,672,679,770,737
387993600,1730,675,679,772,737
388000800,1634,677,679,773,738
388008000,1479,676,679,772,739
388015200,1295,675,681,771,741
388022400,1249,673,681,771,741
388029600,1207,674,679,767,738
388036800,1159,675,673,762,735
388044000,1142,674,676,761,732
388051200,1107,672,678,758,730
388058400,1224,672,680,754,730
388065600,1476,674,681,764,737
388072800,1482,675,681,766,738
388080000,1612,678,681,768,738
388087200,1523,679,681,770,739
388094400,1432,678,681,769,740
388101600,1204,676,682,769,741
388108800,1153,675,682,768,741
388116000,1065,675,682,767,741
388123200,952,673,682,767,742
388130400,869,672,682,765,741
388137600,916,671,681,764,740
388144800,1257,671,681,763,739
388152000,1348,673,681,763,738
388159200,1550,676,680,765,737
388166400,1623,679,679,767,737
388173600,1674,682,679,769,737
388180800,1531,681,680,769,739
388188000,1153,679,681,769,742
388195200,1156,678,681,767,741
388202400,1159,677,682,767,741
388209600,1131,676,682,766,741
388216800,1027,675,682,766,742
388224000,1063,675,681,765,741
388231200,1263,675,681,763,740
388238400,1580,677,681,763,738
388245600,1749,681,680,766,737
388252800,1876,685,680,769,737
388260000,1944,687,681,769,738
388267200,1813,686,681,769,740
388274400,1331,684,683,769,743
388281600,1128,683,683,768,743
388288800,1087,681,683,767,743
388296000,1066,679,683,765,743
388303200,1056,679,682,765,743
388310400,1001,678,682,763,742
388317600,1585,678,681,761,740
388324800,1802,681,681,761,738
388332000,1926,685,680,764,737
388339200,2021,689,679,767,737
388346400,2061,691,680,767,738
388353600,1999,690,681,766,740
388360800,1336,688,683,767,743
388368000,1323,687,683,765,743
388375200,1267,685,683,764,743
388382400,1123,684,683,763,743
388389600,1153,683,683,762,743
388396800,1199,682,683,761,742
388404000,1719,682,683,758,740
388411200,2012,685,683,758,738
388418400,2097,689,682,761,737
388425600,2166,693,682,763,738
388432800,2122,695,683,764,739
388440000,2009,695,683,763,741
388447200,1523,694,684,763,743
388454400,1442,693,685,763,744
388461600,1389,692,685,761,744
388468800,1283,691,685,760,743
388476000,1253,691,685,759,743
388483200,1331,690,685,758,743
388490400,1808,691,685,755,740
388497600,2041,693,685,755,739
388504800,2123,697,685,758,738
388512000,2221,700,685,759,739
388519200,2158,701,685,760,740
388526400,1707,700,686,755,739
388533600,1469,698,688,758,743
388540800,1473,695,689,757,743
388548000,1415,695,689,757,743
388555200,1314,693,689,756,743
388562400,1295,693,689,755,743
388569600,1316,691,690,755,743
388576800,1751,692,690,752,740
388584000,1926,694,690,751,739
388591200,2039,698,690,753,738
388598400,1750,701,689,751,735
388605600,1868,699,691,755,741
388612800,1746,699,692,755,741
388620000,1451,698,692,750,740
388627200,1320,698,688,747,738
388634400,1212,697,691,747,734
388641600,1115,695,691,747,733
388648800,1110,692,692,745,731
388656000,1182,691,692,742,728
388663200,1524,690,695,747,735
388670400,1773,694,696,752,737
388677600,1914,699,697,757,737
388684800,1983,704,697,761,737
388692000,1915,705,699,761,739
388699200,1770,704,700,759,740
388706400,1554,702,701,758,741
388713600,1473,701,703,757,741
388720800,1472,700,703,757,741
388728000,1426,699,704,756,741
388735200,1369,699,705,755,741
388742400,1369,699,704,749,737
388749600,1513,699,704,749,736
388756800,1557,700,705,753,738
388764000,1528,702,702,750,736
388771200,1425,703,701,748,733
388778400,1383,702,701,747,733
388785600,1403,701,705,744,731
388792800,1176,699,706,747,735
388800000,1146,699,700,753,737
388807200,1122,699,699,762,737
388814400,1061,700,700,765,735
388821600,996,697,701,766,735
388828800,982,694,701,771,738
388836000,1078,700,702,771,731
388843200,1139,700,705,768,732
388850400,1170,703,705,774,735
388857600,1263,705,705,776,735
388864800,1281,707,705,776,735
388872000,1218,707,706,775,735
388879200,1064,706,706,775,735
388886400,1014,705,706,773,735
388893600,939,703,705,771,735
388900800,920,703,705,771,735
388908000,932,702,705,770,735
388915200,899,701,705,769,735
388922400,1175,701,705,769,735
388929600,1223,703,704,769,733
388936800,1273,706,704,770,733
388944000,1312,707,704,771,733
388951200,1327,709,704,771,733
388958400,1258,709,705,771,733
388965600,1098,707,705,770,734
388972800,1055,707,705,769,734
388980000,1038,705,704,769,734
388987200,1034,705,704,767,733
388994400,1016,704,703,767,733
389001600,974,703,703,767,734
389008800,1264,703,703,766,733
389016000,1375,706,703,766,733
389023200,1541,711,703,769,733
389030400,1604,715,703,773,733
389037600,1647,717,704,773,733
389044800,1481,716,705,772,735
389052000,1276,713,706,771,737
389059200,1099,710,707,770,737
389066400,867,708,707,768,737
389073600,952,706,707,767,736
389080800,1013,705,706,765,735
389088000,1074,704,706,765,735
389095200,1239,705,705,765,734
389102400,1370,706,705,764,734
389109600,1601,709,705,765,733
389116800,1645,711,705,765,733
389124000,1578,711,705,769,735
389131200,1483,711,706,769,736
389138400,1230,709,706,769,737
389145600,1055,708,706,768,737
389152800,1156,707,706,767,737
389160000,1053,707,705,766,737
389167200,965,714,705,765,737
389174400,1065,712,705,763,735
389181600,1269,706,704,763,735
389188800,1510,708,704,763,735
389196000,1531,711,704,765,735
389203200,1623,713,704,767,735
389210400,1619,714,705,767,735
389217600,1469,714,703,763,733
389224800,1237,711,703,763,735
389232000,983,709,703,763,737
389239200,1005,707,703,761,736
389246400,1062,706,703,759,735
389253600,910,704,703,759,735
389260800,888,703,703,758,735
389268000,1250,703,702,754,730
389275200,1428,697,695,762,734
389282400,1494,700,695,763,734
389289600,1608,704,698,759,729
389296800,1561,707,698,759,729
389304000,1463,706,698,757,730
389311200,1248,703,698,753,729
389318400,1200,701,698,753,729
389325600,1100,700,698,751,728
389332800,1133,699,698,751,727
389340000,1208,699,697,751,727
389347200,1179,698,697,750,727
389354400,1315,699,697,751,728
389361600,1612,701,697,754,729
389368800,1569,703,697,754,728
389376000,1479,703,697,752,728
389383200,1577,705,698,754,729
389390400,1469,705,698,752,729
389397600,1282,703,698,750,727
389404800,1055,701,698,748,727
389412000,957,699,698,747,727
389419200,983,698,697,746,727
389426400,921,697,697,745,727
389433600,1037,695,697,745,727
389440800,1391,696,698,747,727
389448000,1580,700,698,749,727
389455200,1709,705,698,752,728
389462400,1614,707,699,752,727
389469600,1667,707,699,752,729
389476800,1525,707,699,750,728
389484000,1157,705,700,752,733
389491200,1090,703,701,751,733
389498400,1067,701,701,750,733
389505600,1026,699,701,749,731
389512800,1002,698,701,747,731
389520000,990,697,701,747,731
389527200,1068,697,701,747,730
389534400,1289,698,702,746,728
389541600,1324,702,702,746,727
389548800,1447,705,703,749,727
389556000,1332,707,703,747,727
389563200,1120,704,705,744,726
389570400,1060,701,705,743,726
389577600,873,698,707,740,725
389584800,771,696,707,738,725
389592000,783,694,707,737,725
389599200,759,692,706,735,724
389606400,869,691,706,736,724
389613600,1193,691,706,738,725
389620800,1397,695,706,740,725
389628000,1549,701,706,744,726
389635200,1519,705,707,747,725
389642400,1502,705,707,745,726
389649600,1442,704,708,743,726
389656800,1007,700,708,739,725
389664000,905,698,709,737,725
389671200,893,695,709,735,723
389678400,943,694,709,735,723
389685600,941,693,709,734,723
389692800,1005,691,709,734,723
389700000,1339,693,709,736,725
389707200,1568,696,709,738,725
389714400,1748,702,710,743,725
389721600,1858,708,710,746,726
389728800,1886,710,711,747,727
389736000,1751,708,711,744,727
389743200,1219,704,711,738,725
389750400,1030,701,712,735,725
389757600,1126,699,713,734,725
389764800,1038,697,712,733,724
389772000,970,695,711,731,723
389779200,1120,694,711,732,723
389786400,1548,695,711,735,725
389793600,1736,699,711,737,725
389800800,1858,705,711,740,725
389808000,1972,709,711,743,726
389815200,1998,711,713,743,727
389822400,1895,709,713,740,727
389829600,1349,705,713,734,726
389836800,1030,701,713,731,725
389844000,1054,699,713,730,725
389851200,1071,697,713,729,725
389858400,1051,695,712,728,723
389865600,1218,694,711,728,724
389872800,1661,695,711,731,725
389880000,1794,698,711,732,725
389887200,1961,704,711,735,726
389894400,2095,708,711,737,727
389901600,2108,709,713,737,727
389908800,1983,707,713,734,727
389916000,1680,703,713,730,727
389923200,1271,700,713,727,725
389930400,1090,697,713,725,725
389937600,1094,695,713,724,725
389944800,1073,693,711,723,723
389952000,1228,693,711,723,723
389959200,1224,693,711,723,723
389966400,1409,693,711,724,724
389973600,1622,696,711,727,725
389980800,1564,697,711,727,724
389988000,1677,699,711,727,725
389995200,1490,697,711,725,723
390002400,1270,694,711,722,723
390009600,1210,692,711,721,723
390016800,1132,691,711,720,722
390024000,1051,689,710,719,721
390031200,967,687,709,718,721
390038400,1040,687,709,718,721
390045600,1320,687,709,719,721
390052800,1544,690,709,720,722
390060000,1686,695,709,723,722
390067200,1726,698,709,725,722
390074400,1727,699,709,724,723
390081600,1710,698,710,723,723
390088800,1162,694,709,718,721
390096000,1046,691,709,716,720
390103200,1021,689,709,715,719
390110400,964,687,709,713,719
390117600,921,685,709,713,719
390124800,1071,684,708,713,719
390132000,1536,685,708,716,720
390139200,1691,688,707,717,721
390146400,1831,694,707,720,721
390153600,1900,698,707,722,721
390160800,1927,699,709,723,721
390168000,1830,697,709,720,722
390175200,1251,693,709,714,720
390182400,1111,690,709,712,719
390189600,1082,687,709,711,719
390196800,1060,685,709,709,719
390204000,1045,684,708,708,718
390211200,1157,683,707,708,719
390218400,1610,683,707,711,719
390225600,1811,687,707,712,719
390232800,1946,692,707,715,719
390240000,2050,695,707,717,720
390247200,2074,697,707,717,721
390254400,1957,695,707,716,721
390261600,1287,691,707,710,719
390268800,1173,687,707,708,718
390276000,1163,684,707,707,718
390283200,1097,683,707,706,717
390290400,1097,681,707,705,717
390297600,1269,680,706,705,717
390304800,1766,681,706,708,719
390312000,1946,684,706,709,719
390319200,2089,689,705,713,719
390326400,2147,692,705,715,719
390333600,2118,693,706,715,719
390340800,2105,691,707,714,719
390348000,1379,686,706,708,717
390355200,1332,683,706,705,717
390362400,1299,681,706,704,717
390369600,1236,679,705,703,716
390376800,1209,678,705,703,715
390384000,1367,677,705,703,715
390391200,1860,677,705,705,717
390398400,2168,681,704,708,717
390405600,2277,685,703,711,717
390412800,2274,688,703,714,717
390420000,2192,689,703,714,717
390427200,1960,686,703,711,717
390434400,1557,682,704,709,715
390441600,1463,679,704,707,715
390448800,1407,677,704,705,715
390456000,1300,675,703,704,714
390463200,1278,673,703,703,714
390470400,1423,673,703,704,714
390477600,1744,673,703,706,715
390484800,2008,676,702,710,715
390492000,2146,681,702,713,715
390499200,2242,683,702,716,715
390506400,2009,682,702,715,715
390513600,1834,679,702,713,715
390520800,1605,676,702,710,715
390528000,1383,673,702,708,714
390535200,1301,671,701,706,713
390542400,1238,669,701,705,713
390549600,1257,668,701,705,712
390556800,1329,667,700,704,711
390564000,1592,667,699,706,711
390571200,1598,668,699,706,711
390578400,1958,671,699,710,713
390585600,2009,674,699,713,713
390592800,1980,675,699,713,713
390600000,1841,674,699,711,712
390607200,1599,670,699,708,711
390614400,1450,668,699,706,711
390621600,1408,667,699,705,711
390628800,1347,665,698,703,710
390636000,1241,664,698,702,709
390643200,1226,663,697,701,709
390650400,1356,663,697,702,709
390657600,1311,663,697,701,708
390664800,1393,663,696,702,707
390672000,1570,663,696,704,707
390679200,1655,665,695,705,708
390686400,1566,664,695,704,707
390693600,1360,663,695,702,706
390700800,1076,661,695,699,705
390708000,1015,659,695,699,705
390715200,1082,659,694,698,705
390722400,1017,658,693,697,703
390729600,1216,657,693,698,704
390736800,1424,659,693,699,705
390744000,1601,661,693,702,705
390751200,1741,666,693,705,705
390758400,1853,669,693,708,705
390765600,1831,669,693,708,705
390772800,1742,667,693,707,705
390780000,1387,664,693,703,704
390787200,1182,661,693,700,703
390794400,1098,659,693,698,703
390801600,1058,657,693,698,703
390808800,1029,656,692,697,702
390816000,1212,655,692,697,703
390823200,1667,656,692,699,703
390830400,1823,659,691,702,703
390837600,1916,664,691,705,703
390844800,2052,667,691,708,703
390852000,1993,667,691,709,703
390859200,1859,665,691,707,703
390866400,1430,661,691,703,702
390873600,1339,658,691,700,702
390880800,1291,656,691,699,702
390888000,1233,655,691,697,701
390895200,1164,654,691,696,701
390902400,1401,653,691,697,701
390909600,1817,654,691,700,701
390916800,1992,658,691,702,701
390924000,2141,662,690,706,701
390931200,2237,665,690,710,701
390938400,2112,665,690,709,701
390945600,1993,662,689,707,701
390952800,1806,659,689,704,701
390960000,1818,657,689,703,701
390967200,1773,655,689,702,701
390974400,1558,654,689,700,699
390981600,1508,653,689,699,699
390988800,1441,651,688,698,699
390996000,1587,651,688,699,699
391003200,1692,653,687,701,699
391010400,1664,653,687,701,699
391017600,1704,653,687,702,699
391024800,1652,654,687,703,699
391032000,1696,652,687,701,698
391039200,1335,650,686,697,696
391046400,1209,647,685,695,695
391053600,1177,646,685,693,695
391060800,1168,645,685,692,694
391068000,1152,645,683,691,693
391075200,1180,643,683,691,693
391082400,1374,645,683,693,693
391089600,1464,648,683,696,694
391096800,1317,649,683,696,693
391104000,1425,649,683,698,694
391111200,1303,648,682,696,693
391118400,1484,648,683,697,693
391125600,1105,646,682,694,692
391132800,846,643,681,691,691
391140000,817,642,681,690,690
391147200,827,641,681,689,690
391154400,896,640,681,688,689
391161600,1077,639,680,688,689
391168800,1316,641,680,691,690
391176000,1442,643,680,693,690
391183200,1561,649,680,697,690
391190400,1540,652,679,699,690
391197600,1572,653,680,699,691
391204800,1390,651,680,697,690
391212000,1155,648,680,695,691
391219200,1006,645,679,695,692
391226400,1024,643,679,693,691
391233600,1065,641,679,693,690
391240800,1129,641,679,691,689
391248000,1075,640,679,692,690
391255200,1189,640,679,691,687
391262400,1278,641,679,691,687
391269600,1362,642,679,692,687
391276800,1355,643,679,693,688
391284000,1434,643,679,694,688
391291200,1396,643,678,694,687
391298400,1193,642,678,691,687
391305600,1157,641,678,691,687
391312800,1059,640,677,691,688
391320000,1042,639,677,691,689
391327200,1049,639,677,691,689
391334400,1059,639,676,691,688
391341600,1190,639,677,691,687
391348800,1168,639,676,691,686
391356000,1196,640,675,692,688
391363200,1149,641,676,705,688
391370400,1095,643,679,780,689
391377600,1079,647,681,815,690
391384800,1036,650,681,818,689
391392000,1005,655,681,817,689
391399200,997,667,683,827,689
391406400,1023,688,683,827,689
391413600,1045,701,683,823,689
391420800,1037,710,684,823,689
391428000,1057,722,686,833,689
391435200,1304,732,685,834,688
391442400,1315,735,685,829,687
391449600,1392,735,686,824,686
391456800,1385,735,686,820,686
391464000,1266,732,687,815,686
391471200,1137,729,687,811,686
391478400,1090,727,687,808,686
391485600,1047,725,687,807,685
391492800,1047,724,687,805,685
391500000,1011,723,686,803,685
391507200,1090,722,686,803,685
391514400,1426,723,687,803,686
391521600,1515,728,686,803,686
391528800,1477,731,686,805,686
391536000,1610,730,687,804,687
391543200,1758,732,687,805,687
391550400,1650,730,687,802,687
391557600,1327,726,687,798,687
391564800,1181,723,688,796,688
391572000,1130,720,688,794,688
391579200,1071,718,687,792,687
391586400,1067,716,687,790,687
391593600,1259,715,687,789,687
391600800,1610,716,687,790,687
391608000,1769,721,687,790,687
391615200,1885,726,687,791,687
391622400,1873,729,687,791,689
391629600,1925,727,688,788,690
391636800,1832,725,689,784,691
391644000,1488,721,689,780,691
391651200,1306,717,689,778,690
391658400,1425,715,689,777,690
391665600,1367,713,689,775,690
391672800,1324,711,688,773,689
391680000,1354,711,687,772,689
391687200,1486,710,687,771,689
391694400,1739,712,687,772,689
391701600,1855,717,687,773,690
391708800,1886,719,687,772,691
391716000,1868,719,687,770,691
391723200,1776,717,689,767,691
391730400,1608,713,689,764,692
391737600,1543,710,689,763,692
391744800,1406,708,689,761,691
391752000,1329,705,688,759,691
391759200,1325,703,687,758,691
391766400,1355,702,687,757,691
391773600,1683,702,687,757,691
391780800,1802,704,687,755,689
391788000,1928,710,687,757,689
391795200,1957,712,687,758,691
391802400,1847,709,688,755,691
391809600,1764,706,689,752,691
391816800,1596,702,689,750,691
391824000,1524,700,689,749,691
391831200,1408,698,689,747,691
391838400,1361,695,689,745,691
391845600,1265,694,687,744,690
391852800,1394,692,687,743,689
391860000,1753,692,687,744,690
391867200,1970,696,687,745,691
391874400,2046,702,687,747,691
391881600,2078,704,687,746,691
391888800,2174,704,688,745,693
391896000,2091,701,689,743,694
391903200,1636,697,689,738,693
391910400,1444,693,689,735,693
391917600,1363,690,689,733,693
391924800,1296,687,689,731,692
391932000,1251,685,687,730,691
391939200,1472,683,687,729,691
391946400,1571,684,686,732,693
391953600,1896,686,687,733,692
391960800,2068,691,687,735,692
391968000,2058,695,687,735,693
391975200,2150,694,687,734,694
391982400,2022,691,688,732,694
391989600,1733,686,688,728,694
391996800,1609,683,688,726,693
392004000,1557,680,688,725,693
392011200,1465,678,687,723,693
392018400,1432,676,687,722,692
392025600,1574,675,687,722,691
392032800,1861,675,687,723,692
392040000,1967,678,686,724,691
392047200,2093,684,686,727,692
392054400,2195,687,687,727,693
392061600,2198,687,687,727,694
392068800,2113,683,687,726,695
392076000,1818,678,687,722,694
392083200,1419,674,687,718,694
392090400,1414,671,687,717,693
392097600,1428,669,687,715,693
392104800,1530,667,686,715,692
392112000,1651,667,685,715,691
392119200,2050,667,685,716,693
392126400,2189,670,685,718,693
392133600,2310,675,685,720,693
392140800,2389,679,685,722,693
392148000,2377,679,685,723,694
392155200,2265,676,686,720,695
392162400,1878,671,686,716,694
392169600,1689,667,686,713,693
392176800,1594,664,686,711,693
392184000,1285,662,685,709,692
392191200,1148,659,685,707,691
392198400,1278,658,684,707,690
392205600,1575,658,683,708,691
392212800,1733,661,683,710,691
392220000,1853,666,682,713,691
392227200,1831,669,682,715,691
392234400,1467,666,682,712,691
392241600,1166,664,681,712,693
392248800,1155,659,683,710,693
392256000,1076,657,682,708,693
392263200,1061,655,683,707,693
392270400,1025,654,686,706,692
392277600,1022,651,687,706,691
392284800,1012,650,687,707,689
392292000,1038,650,686,711,689
392299200,1098,650,687,716,688
392306400,1284,651,686,720,686
392313600,1513,655,686,725,685
392320800,1591,657,686,729,685
392328000,1540,655,687,730,684
392335200,1260,652,687,730,684
392342400,913,648,687,728,683
392349600,912,646,687,727,683
392356800,898,644,687,727,682
392364000,891,642,686,726,681
392371200,1096,641,685,726,681
392378400,1500,643,685,727,682
392385600,1630,649,683,729,681
392392800,1730,658,683,732,681
392400000,1829,664,683,734,681
392407200,1874,667,685,735,683
392414400,1801,665,685,734,684
392421600,1361,659,686,731,685
392428800,1255,656,687,729,685
392436000,1309,653,687,728,685
392443200,1294,651,686,727,684
392450400,1292,650,685,727,683
392457600,1321,649,685,726,683
392464800,1376,649,684,726,683
392472000,1519,651,683,726,683
392479200,1846,657,683,728,683
392486400,1932,664,683,729,683
392493600,1804,665,683,728,684
392500800,1702,662,684,726,685
392508000,1548,659,685,724,685
392515200,1379,656,685,723,685
392522400,1330,654,684,722,685
392529600,1291,652,683,720,685
392536800,1235,651,683,719,683
392544000,1212,649,683,717,683
392551200,1542,650,683,718,683
392558400,1593,654,683,719,683
392565600,1600,658,682,719,683
392572800,1544,661,682,719,683
392580000,1387,660,681,718,683
392587200,1269,656,681,716,684
392594400,1094,653,682,714,683
392601600,963,650,682,712,683
392608800,906,648,681,710,682
392616000,941,647,681,709,682
392623200,973,645,681,708,681
392630400,1037,645,679,709,682
392637600,1189,647,679,710,683
392644800,1405,649,679,710,681
392652000,1528,653,679,710,679
392659200,1503,654,679,710,679
392666400,1484,655,679,709,680
392673600,1521,654,679,709,680
392680800,1312,651,679,707,681
392688000,1131,649,678,706,679
392695200,1131,647,678,705,679
392702400,1075,646,678,703,679
392709600,1040,645,677,703,678
392716800,1219,644,677,703,678
392724000,1550,646,677,704,679
392731200,1712,651,677,706,679
392738400,1833,658,676,709,679
392745600,1925,663,677,712,679
392752800,1971,665,677,713,681
392760000,1798,662,678,712,682
392767200,1393,658,679,709,683
392774400,1218,654,679,707,682
392781600,1165,651,679,705,681
392788800,1155,649,679,703,681
392796000,1120,647,679,703,681
392803200,1356,646,679,702,680
392810400,1732,648,679,704,681
392817600,1887,652,677,706,681
392824800,2007,658,677,709,681
392832000,2079,662,677,711,681
392839200,1932,662,677,711,682
392846400,1914,659,679,709,683
392853600,1677,656,679,707,683
392860800,1428,652,679,705,683
392868000,1399,650,679,703,683
392875200,1330,649,678,703,682
392882400,1500,647,678,703,681
392889600,1444,647,678,702,681
392896800,1747,648,678,703,681
392904000,1926,652,677,706,681
392911200,2055,657,677,708,682
392918400,2136,661,677,711,682
392925600,2051,661,677,711,683
392932800,2031,658,678,710,683
392940000,1665,654,678,706,683
392947200,1475,650,678,703,683
392954400,1433,648,678,701,683
392961600,1357,646,677,700,682
392968800,1292,644,677,699,681
392976000,1318,643,677,698,680
392983200,1671,644,677,699,680
392990400,1832,648,675,702,680
392997600,1931,654,675,705,680
393004800,2033,656,675,707,681
393012000,2085,658,675,709,681
393019200,2010,656,676,707,682
393026400,1526,651,676,703,682
393033600,1277,647,677,699,681
393040800,1232,644,677,699,681
393048000,1190,643,676,697,679
393055200,1155,641,675,695,679
393062400,1427,640,677,695,679
393069600,1699,641,677,696,679
393076800,1702,643,675,697,678
393084000,1990,646,675,700,679
393091200,2082,652,673,704,679
393098400,2094,653,674,705,679
393105600,2070,652,674,705,680
393112800,1634,649,675,701,679
393120000,1330,644,675,698,679
393127200,1368,642,677,696,679
393134400,1298,640,675,694,678
393141600,1250,639,675,694,677
393148800,1353,638,676,693,677
393156000,1798,639,675,694,677
393163200,1974,644,673,698,677
393170400,2098,650,673,701,677
393177600,2222,654,673,704,678
393184800,2189,654,673,705,679
393192000,2042,651,674,702,679
393199200,1807,647,675,700,679
393206400,1418,643,675,697,679
393213600,1256,640,675,694,677
393220800,1263,638,675,692,677
393228000,1256,637,675,691,676
393235200,1418,636,675,691,675
393242400,1796,638,675,693,677
393249600,2010,642,673,697,677
393256800,2234,648,671,701,677
393264000,2339,652,671,704,678
393271200,2296,652,672,705,679
393278400,2230,650,673,704,679
393285600,1916,645,674,700,679
393292800,1671,642,674,697,679
393300000,1532,639,675,694,678
393307200,1356,637,675,692,677
393314400,1322,635,675,691,677
393321600,1451,634,676,690,676
393328800,1744,635,676,692,677
393336000,1968,639,673,695,677
393343200,2060,644,673,697,676
393350400,2089,646,673,699,677
393357600,2047,645,673,699,677
393364800,1960,643,673,698,677
393372000,1583,640,672,695,677
393379200,1302,636,671,691,677
393386400,1239,633,671,689,675
393393600,1190,631,671,687,675
393400800,1074,629,671,685,674
393408000,1209,627,673,685,673
393415200,1484,629,672,686,674
393422400,1604,633,670,689,673
393429600,1727,638,669,693,673
393436800,1777,640,669,695,674
393444000,1744,642,671,695,674
393451200,1394,638,669,692,674
393458400,1253,634,669,689,674
393465600,1213,631,670,686,673
393472800,1211,629,669,685,673
393480000,1232,627,670,683,672
393487200,1105,626,669,682,671
393494400,1262,625,672,682,671
393501600,1569,627,670,683,671
393508800,1714,632,669,687,671
393516000,1890,638,668,692,671
393523200,1978,642,669,696,672
393530400,1990,643,669,697,673
393537600,1909,641,670,695,674
393544800,1485,637,670,691,674
393552000,1153,632,670,686,673
393559200,1164,629,670,684,673
393566400,1127,627,669,682,672
393573600,1099,625,669,681,671
393580800,1353,625,671,681,671
393588000,1859,627,669,683,672
393595200,2027,632,667,687,672
393602400,2151,639,667,692,672
393609600,2228,643,667,696,673
393616800,2270,643,667,697,674
393624000,2121,641,669,694,675
393631200,1791,637,669,691,675
393638400,1523,632,670,687,675
393645600,1470,630,671,685,675
393652800,1503,627,671,683,674
393660000,1554,627,671,683,673
393667200,1719,626,672,683,673
393674400,2026,628,671,684,673
393681600,2198,633,668,688,673
393688800,2320,638,667,691,674
393696000,2403,642,669,694,675
393703200,2355,642,669,695,675
393710400,2262,640,669,693,675
393717600,1778,635,670,689,675
393724800,1626,631,671,686,675
393732000,1567,629,671,684,675
393739200,1515,627,671,682,674
393746400,1397,624,672,680,673
393753600,1487,623,675,679,673
393760800,1783,625,673,681,673
393768000,2018,629,671,684,673
393775200,2205,636,669,688,673
393782400,2334,640,669,692,675
393789600,2372,641,669,693,675
393796800,2296,639,669,691,675
393804000,1830,634,671,687,675
393811200,1609,629,671,683,675
393818400,1685,626,672,681,675
393825600,1405,624,672,679,674
393832800,1292,622,671,677,673
393840000,1630,621,676,676,673
393847200,2066,623,672,678,673
393854400,2250,628,669,682,673
393861600,2393,634,668,686,673
393868800,2462,638,668,689,675
393876000,2466,639,668,690,675
393883200,2384,637,669,689,675
393890400,1852,632,670,685,675
393897600,1644,627,673,680,675
393904800,1743,624,674,679,675
393912000,1380,622,673,676,674
393919200,1364,620,673,674,673
393926400,1704,619,680,674,673
393933600,2113,621,672,676,673
393940800,2288,626,669,680,673
393948000,2408,632,668,683,673
393955200,2458,636,668,686,674
393962400,2447,637,669,687,675
393969600,2340,634,669,686,675
393976800,1897,629,671,682,675
393984000,1793,625,671,679,675
393991200,1709,623,672,676,675
393998400,1380,620,674,674,674
394005600,1194,617,674,671,673
394012800,1529,615,680,670,673
394020000,1827,618,677,672,673
394027200,1940,622,675,674,673
394034400,2004,626,674,677,672
394041600,2006,629,674,679,673
394048800,1995,629,674,680,673
394056000,1887,627,674,678,673
394063200,1587,622,671,674,673
394070400,1152,618,668,671,672
394077600,1036,615,669,667,671
394084800,1024,612,669,666,671
394092000,988,611,668,664,669
394099200,1264,610,673,663,669
394106400,1682,612,671,666,669
394113600,1859,617,669,669,669
394120800,2025,624,670,674,669
394128000,2134,628,668,678,670
394135200,2166,631,667,679,671
394142400,2106,628,667,678,671
394149600,1724,623,668,675,671
394156800,1413,619,667,671,671
394164000,1331,616,667,669,671
394171200,1324,614,667,667,671
394178400,1279,612,666,665,670
394185600,1500,611,669,665,669
394192800,2047,614,669,667,670
394200000,2296,619,665,671,670
394207200,2378,626,663,676,671
394214400,2423,630,664,680,671
394221600,2358,630,665,680,672
394228800,2218,627,666,678,673
394236000,2055,624,668,676,673
394243200,1441,619,669,671,672
394250400,1360,616,670,668,671
394257600,1323,613,669,666,671
394264800,1308,611,668,664,670
394272000,1565,611,673,663,670
394279200,2029,612,672,666,671
394286400,2199,618,667,670,671
394293600,2356,625,666,675,671
394300800,2453,628,665,679,671
394308000,2420,630,665,679,673
394315200,2258,627,667,677,673
394322400,1978,623,669,674,673
394329600,1717,619,669,671,673
394336800,1571,616,669,668,673
394344000,1514,613,672,666,672
394351200,1516,612,671,665,671
394358400,1646,611,673,664,671
394365600,2032,612,671,666,671
394372800,2283,617,666,669,671
394380000,2413,624,664,675,671
394387200,2463,628,664,678,672
394394400,2471,630,665,679,673
394401600,2388,628,665,678,674
394408800,1881,623,668,674,674
394416000,1525,618,673,669,674
394423200,1593,615,675,667,674
394430400,1482,612,673,665,673
394437600,1457,611,672,663,672
394444800,1668,610,674,663,672
394452000,2072,612,669,664,672
394459200,2164,617,667,668,671
394466400,2295,623,667,673,672
394473600,2413,627,667,677,673
394480800,2411,629,666,678,674
394488000,2311,627,667,676,675
394495200,2063,622,668,672,675
394502400,1787,618,669,669,674
394509600,1669,615,669,667,674
394516800,1577,612,671,665,673
394524000,1542,611,670,663,673
394531200,1653,609,672,663,673
394538400,2042,611,671,664,673
394545600,2182,616,667,668,672
394552800,2317,622,667,673,673
394560000,2391,626,667,676,673
394567200,2420,627,667,677,675
394574400,2326,625,667,675,675
394581600,1976,621,668,671,675
394588800,1640,616,669,667,675
394596000,1594,613,673,665,674
394603200,1536,611,673,663,673
394610400,1457,609,672,661,673
394617600,1693,608,675,661,673
394624800,2062,610,671,663,673
394632000,2241,615,667,666,672
394639200,2371,620,667,670,673
394646400,2381,623,667,673,673
394653600,2344,623,668,674,674
394660800,2251,622,669,672,675
394668000,1934,617,668,669,674
394675200,1429,613,674,664,673
394682400,1324,609,675,661,673
394689600,1408,607,675,659,673
394696800,1361,605,674,658,671
394704000,1517,604,673,657,671
394711200,1895,606,671,659,671
394718400,2093,611,666,663,671
394725600,2252,618,665,668,671
394732800,2355,622,666,672,671
394740000,2388,625,666,673,673
394747200,2286,623,667,672,673
394754400,1920,618,666,668,673
394761600,1682,614,669,665,673
394768800,1629,611,671,662,673
394776000,1616,609,670,661,673
394783200,1681,607,670,659,672
394790400,1730,607,667,659,671
394797600,1798,607,670,659,671
394804800,1827,607,669,659,671
394812000,1744,607,668,660,671
394819200,1683,607,665,661,671
394826400,1788,607,665,660,670
394833600,1773,609,671,660,669
394840800,1524,607,666,659,669
394848000,1306,605,664,657,669
394855200,1294,603,664,655,668
394862400,1267,602,663,655,667
394869600,1243,601,663,654,667
394876800,1451,601,670,653,667
394884000,1877,603,668,656,667
394891200,2092,609,663,660,667
394898400,2279,616,662,665,667
394905600,2383,621,660,671,668
394912800,2413,623,659,673,669
394920000,2257,622,660,671,670
394927200,1839,617,663,667,670
394934400,1604,613,671,664,671
394941600,1571,610,673,662,671
394948800,1522,608,675,660,670
394956000,1488,607,676,659,669
394963200,1696,606,675,659,669
394970400,2121,608,666,660,670
394977600,2326,613,661,665,669
394984800,2417,620,660,670,670
394992000,2498,624,659,675,671
394999200,2079,624,660,674,671
395006400,2061,620,662,671,672
395013600,1819,616,663,668,673
395020800,1714,614,663,666,673
395028000,1669,611,663,663,672
395035200,1630,610,663,662,671
395042400,1534,608,668,661,671
395049600,1526,607,671,659,671
395056800,2038,608,671,661,671
395064000,2328,613,662,665,671
395071200,2435,620,661,671,671
395078400,2449,623,661,675,671
395085600,2427,624,661,675,673
395092800,2227,622,662,672,673
395100000,1904,618,663,669,673
395107200,1639,614,667,666,673
395114400,1635,611,669,663,673
395121600,1597,611,672,662,673
395128800,1531,609,675,660,671
395136000,1695,609,676,659,671
395143200,2139,610,668,661,671
395150400,2436,615,663,665,671
395157600,2547,622,661,671,671
395164800,2537,626,661,675,672
395172000,2508,626,662,675,673
395179200,2321,624,662,673,673
395186400,2062,620,663,670,674
395193600,2000,617,663,667,674
395200800,1856,615,663,665,674
395208000,1743,613,664,663,673
395215200,1513,610,680,661,673
395222400,1728,609,679,659,672
395229600,2155,611,670,661,672
395236800,2410,615,663,665,672
395244000,2531,621,663,670,673
395251200,2554,625,663,674,673
395258400,2468,627,663,674,673
395265600,2268,624,663,671,674
395272800,1943,619,663,668,674
395280000,1817,616,665,665,674
395287200,1691,613,665,663,674
395294400,1617,611,668,661,673
395301600,1548,609,671,659,673
395308800,1636,607,671,658,672
395316000,1930,609,674,659,671
395323200,1947,610,671,659,671
395330400,2356,614,664,663,671
395337600,2383,619,662,667,671
395344800,2445,621,661,669,672
395352000,2070,620,662,668,672
395359200,1811,616,663,664,672
395366400,1594,612,668,662,672
395373600,1489,610,673,659,671
395380800,1472,607,677,658,671
395388000,1451,606,678,656,671
395395200,1584,605,676,655,670
395402400,2049,607,669,657,670
395409600,2421,612,662,662,670
395416800,2547,620,661,668,670
395424000,2571,624,660,672,671
395431200,2595,626,661,674,672
395438400,2318,624,662,671,673
395445600,2053,619,662,668,673
395452800,1854,615,663,664,673
395460000,1818,613,663,663,673
395467200,1712,611,665,660,673
395474400,1667,609,667,659,672
395481600,1827,609,666,659,671
395488800,2135,610,667,660,671
395496000,2356,614,663,663,671
395503200,2392,619,663,667,671
395510400,2436,621,662,670,672
395517600,2304,622,663,670,673
395524800,1988,619,662,667,673
395532000,1748,615,665,664,673
395539200,1733,612,666,662,673
395546400,1651,610,668,661,673
395553600,1580,611,667,662,675
395560800,1578,609,666,661,674
395568000,1610,609,666,660,673
395575200,1701,609,668,659,671
395582400,1789,609,671,659,671
395589600,2010,612,668,661,670
395596800,2169,616,663,664,670
395604000,1857,616,660,664,670
395611200,1665,614,664,664,672
395618400,1624,612,666,662,671
395625600,1600,611,666,661,671
395632800,1542,611,666,662,671
395640000,1483,611,670,663,671
395647200,1423,609,674,662,671
395654400,1471,609,670,661,670
395661600,1662,610,672,662,669
395668800,1851,613,677,665,667
395676000,2045,618,663,670,667
395683200,2185,623,663,676,668
395690400,2191,627,663,679,669
395697600,2117,625,663,677,670
395704800,1890,622,664,675,670
395712000,1575,618,674,673,670
395719200,1489,615,678,671,669
395726400,1423,613,680,670,669
395733600,1459,612,676,669,669
395740800,1541,611,678,669,667
395748000,1824,613,678,670,667
395755200,1986,618,665,673,667
395762400,1872,620,664,675,667
395769600,2142,624,664,679,667
395776800,2095,628,663,682,668
395784000,2083,629,662,681,669
395791200,1781,625,665,679,669
395798400,1514,622,675,676,669
395805600,1419,619,682,675,669
395812800,1398,617,682,674,668
395820000,1372,616,687,673,667
395827200,1505,615,681,673,667
395834400,1896,617,670,673,667
395841600,2074,623,665,677,667
395848800,2210,631,665,684,667
395856000,2305,637,665,689,668
395863200,2265,639,663,691,670
395870400,2185,637,665,689,671
395877600,1761,633,668,685,671
395884800,1356,628,676,682,671
395892000,1471,625,674,681,671
395899200,1449,623,671,679,670
395906400,1416,621,671,678,669
395913600,1633,620,674,677,669
395920800,2097,622,667,678,669
395928000,2240,628,665,681,668
395935200,2361,635,665,688,669
395942400,2419,639,665,692,670
395949600,2414,641,665,693,671
395956800,2322,640,666,692,672
395964000,1903,636,667,688,673
395971200,1503,631,677,684,673
395978400,1497,628,677,683,672
395985600,1490,625,675,681,671
395992800,1438,623,674,679,671
396000000,1579,622,672,679,670
396007200,2116,624,669,679,670
396014400,2326,629,665,683,669
396021600,2436,634,663,688,670
396028800,2510,639,662,694,671
396036000,2432,641,663,695,672
396043200,2333,639,664,692,673
396050400,1981,636,665,689,673
396057600,1859,632,670,686,674
396064800,1808,630,670,685,674
396072000,1786,627,668,683,673
396079200,1763,626,667,683,673
396086400,1622,625,669,682,673
396093600,1935,625,667,682,672
396100800,2270,629,666,685,671
396108000,2389,636,665,690,671
396115200,2457,640,665,695,673
396122400,2373,640,665,695,673
396129600,2356,639,665,692,675
396136800,1953,635,666,689,675
396144000,1579,630,675,684,675
396151200,1575,626,676,682,674
396158400,1516,624,675,680,673
396165600,1517,622,675,678,673
396172800,1652,621,673,677,672
396180000,1811,622,669,678,672
396187200,2160,625,668,680,671
396194400,2391,631,667,686,671
396201600,2433,635,665,690,672
396208800,2449,637,664,691,673
396216000,2377,636,665,689,674
396223200,1999,632,664,685,674
396230400,1597,627,675,681,674
396237600,1569,624,675,679,674
396244800,1524,622,676,677,673
396252000,1497,620,673,675,673
396259200,1626,619,670,674,671
396266400,2073,620,669,675,671
396273600,2313,625,666,680,671
396280800,2353,631,665,685,671
396288000,2275,631,665,686,672
396295200,2377,633,663,687,673
396302400,2095,632,663,684,673
396309600,1677,631,669,683,676
396316800,1539,629,682,682,676
396324000,1490,625,685,679,675
396331200,1415,623,677,678,674
396338400,1413,621,677,677,673
396345600,1599,620,675,677,672
396352800,1979,622,672,679,671
396360000,2131,627,667,684,670
396367200,2221,632,667,690,670
396374400,2366,637,667,695,671
396381600,2246,639,667,697,671
396388800,2291,639,666,695,673
396396000,1947,635,666,692,673
396403200,1738,632,672,690,673
396410400,1677,629,676,687,673
396417600,1643,627,678,687,672
396424800,1569,627,678,687,672
396432000,1620,625,675,685,671
396439200,1969,626,669,686,671
396446400,2140,631,668,689,671
396453600,2255,639,669,696,671
396460800,2281,643,667,699,672
396468000,2213,644,666,699,673
396475200,2187,642,667,697,674
396482400,1808,639,669,693,673
396489600,1657,635,676,691,673
396496800,1587,632,675,689,673
396504000,1488,630,682,687,673
396511200,1498,629,681,686,671
396518400,1571,627,677,685,671
396525600,2002,628,671,685,671
396532800,2176,634,667,689,671
396540000,2321,641,667,696,671
396547200,2381,646,667,701,672
396554400,2178,646,667,700,673
396561600,2030,643,667,697,674
396568800,1785,639,670,693,674
396576000,1556,636,681,691,674
396583200,1512,633,684,689,673
396590400,1467,631,678,687,673
396597600,1421,629,680,686,672
396604800,1570,628,677,685,671
396612000,2068,629,672,685,671
396619200,2347,634,667,689,671
396626400,2429,641,664,695,671
396633600,2495,645,663,700,673
396640800,2515,648,665,702,674
396648000,2427,647,666,700,675
396655200,1849,642,670,695,675
396662400,1541,637,683,691,675
396669600,1702,635,676,690,675
396676800,1708,633,675,688,675
396684000,1659,631,671,687,674
396691200,1708,631,670,686,673
396698400,2174,631,670,687,673
396705600,2322,636,670,691,673
396712800,2447,642,666,697,674
396720000,2390,645,665,700,674
396727200,1967,642,666,696,675
396734400,2089,640,665,694,675
396741600,1787,636,669,690,675
396748800,1614,633,676,687,675
396756000,1584,630,676,686,675
396763200,1561,628,675,683,674
396770400,1518,627,675,682,673
396777600,1619,625,674,681,673
396784800,2066,626,670,682,672
396792000,2268,631,667,686,672
396799200,2395,636,664,691,672
396806400,2508,641,663,696,673
396813600,2530,643,664,698,675
396820800,2371,642,665,695,675
396828000,1945,637,667,691,675
396835200,1755,632,676,687,675
396842400,1744,629,677,684,675
396849600,1675,627,678,682,675
396856800,1589,625,679,680,674
396864000,1675,623,677,679,674
396871200,2122,624,670,680,673
396878400,2326,629,667,684,673
396885600,2422,635,667,690,673
396892800,2506,639,667,694,675
396900000,2521,640,667,695,675
396907200,2414,638,667,692,677
396914400,1979,633,669,687,677
396921600,1821,629,676,683,677
396928800,1717,626,677,680,676
396936000,1613,623,677,678,675
396943200,1558,621,677,676,675
396950400,1650,620,677,675,674
396957600,2131,621,670,675,674
396964800,2363,626,667,680,673
396972000,2497,633,667,686,674
396979200,2565,636,667,690,675
396986400,2526,638,667,691,675
396993600,2460,636,667,688,677
397000800,1910,630,671,682,677
397008000,1581,625,689,677,676
397015200,1559,622,684,674,675
397022400,1548,619,684,672,675
397029600,1450,617,685,670,674
397036800,1605,616,678,669,673
397044000,2101,617,669,670,673
397051200,2269,622,667,674,673
397058400,2410,629,668,681,673
397065600,2480,633,668,685,674
397072800,2522,634,667,686,675
397080000,2413,632,667,683,676
397087200,2057,627,667,678,676
397094400,1679,623,685,674,676
397101600,1523,620,692,671,675
397108800,1584,617,681,669,675
397116000,1506,615,677,667,675
397123200,1631,615,677,666,674
397130400,2102,615,670,667,673
397137600,2317,620,668,672,673
397144800,2405,627,667,677,673
397152000,2483,631,668,682,675
397159200,2503,633,668,683,675
397166400,2332,631,668,681,677
397173600,1999,625,668,676,677
397180800,1670,621,687,672,677
397188000,1541,617,689,669,676
397195200,1499,615,687,666,675
397202400,1554,613,679,663,674
397209600,1573,611,674,663,673
397216800,1936,612,672,664,673
397224000,2160,617,667,668,673
397231200,2331,623,667,673,673
397238400,2438,627,667,678,674
397245600,2413,629,667,679,675
397252800,2278,627,667,677,675
397260000,1854,622,674,671,675
397267200,1781,618,689,668,675
397274400,1769,615,679,666,675
397281600,1642,613,681,664,675
397288800,1576,611,685,662,674
397296000,1594,610,681,661,673
397303200,1866,611,672,661,673
397310400,2047,614,668,665,673
397317600,2120,620,666,670,673
397324800,2284,623,664,674,673
397332000,2304,626,665,677,675
397339200,2122,623,665,673,675
397346400,1784,618,674,669,675
397353600,1615,614,690,665,675
397360800,1492,611,684,662,674
397368000,1370,609,681,660,673
397375200,1256,607,678,658,672
397382400,1402,607,673,657,671
397389600,1812,607,667,658,671
397396800,2079,611,663,662,671
397404000,2270,618,664,668,671
397411200,2348,622,665,673,672
397418400,2332,624,665,675,673
397425600,2238,622,665,672,674
397432800,1635,618,674,667,673
397440000,1554,614,684,663,673
397447200,1500,611,678,661,673
397454400,1419,609,679,659,673
397461600,1414,607,687,657,671
397468800,1515,607,678,656,671
397476000,2037,608,667,658,671
397483200,2306,613,665,662,671
397490400,2443,620,663,669,671
397497600,2517,624,663,674,672
397504800,2530,626,664,675,674
397512000,2453,625,665,674,675
397519200,1974,620,667,669,675
397526400,1665,616,680,664,675
397533600,1492,612,686,662,674
397540800,1681,611,684,659,674
397548000,1625,609,677,659,673
397555200,1651,609,674,658,673
397562400,1910,609,670,659,672
397569600,2228,613,666,663,672
397576800,2396,619,666,669,673
397584000,2278,622,665,671,673
397591200,2240,621,666,671,674
397598400,2188,620,665,669,675
397605600,1881,617,667,666,674
397612800,1633,613,690,663,674
397620000,1579,611,693,660,674
397627200,1525,609,693,659,673
397634400,1487,607,690,657,672
397641600,1537,606,684,657,671
397648800,1959,607,672,657,671
397656000,2299,612,667,661,671
397663200,2440,618,665,668,671
397670400,2450,622,664,673,673
397677600,2367,623,664,672,673
397684800,2262,620,666,670,674
397692000,1820,617,672,666,674
397699200,1710,613,684,663,674
397706400,1630,611,691,661,674
397713600,1585,609,699,659,673
397720800,1543,607,701,657,673
397728000,1625,606,691,657,671
397735200,2064,607,673,658,671
397742400,2359,611,667,661,671
397749600,2503,617,664,667,671
397756800,2557,621,662,672,673
397764000,2473,623,662,673,673
397771200,2187,620,664,670,673
397778400,2054,617,663,667,674
397785600,1926,614,663,664,674
397792800,1829,612,666,662,674
397800000,1736,611,677,660,673
397807200,1625,609,685,659,673
397814400,1648,607,697,657,672
397821600,2027,608,674,658,672
397828800,2329,612,666,662,672
397836000,2437,618,665,668,672
397843200,2518,622,665,672,673
397850400,2488,623,665,674,674
397857600,2264,621,665,670,675
397864800,1947,617,665,667,675
397872000,1820,614,678,663,675
397879200,1771,611,693,661,675
397886400,1752,610,692,659,675
397893600,1706,608,691,659,674
397900800,1712,607,691,657,673
397908000,2034,608,677,658,673
397915200,2077,610,668,660,673
397922400,2221,612,667,662,673
397929600,2329,615,667,665,673
397936800,2055,615,664,665,673
397944000,1936,614,663,664,673
397951200,1751,611,671,662,673
397958400,1619,609,683,659,673
397965600,1469,607,686,657,671
397972800,1491,605,684,656,671
397980000,1486,605,678,655,671
397987200,1438,603,677,654,670
397994400,1886,605,680,655,670
398001600,2093,609,667,659,670
398008800,2273,616,667,666,671
398016000,2356,620,666,671,671
398023200,2395,623,666,673,673
398030400,2293,621,665,671,674
398037600,1762,617,674,666,673
398044800,1639,613,693,662,674
398052000,1595,610,695,660,673
398059200,1504,608,700,658,673
398066400,1435,606,694,656,672
398073600,1487,605,686,655,671
398080800,1940,606,679,656,671
398088000,2199,610,670,660,671
398095200,2351,616,670,666,671
398102400,2446,620,667,670,672
398109600,2446,622,667,672,673
398116800,2271,620,666,670,674
398124000,1711,616,680,664,673
398131200,1688,612,696,661,673
398138400,1622,610,701,659,673
398145600,1558,607,703,657,673
398152800,1521,606,706,655,672
398160000,1568,605,699,655,671
398167200,1991,606,679,655,671
398174400,2274,610,669,660,671
398181600,2434,617,668,666,671
398188800,2514,621,667,671,672
398196000,2522,623,665,673,673
398203200,2303,620,666,670,674
398210400,1885,616,669,665,674
398217600,1705,611,692,661,674
398224800,1691,609,691,659,674
398232000,1631,607,699,657,673
398239200,1440,605,696,655,672
398246400,1432,603,687,653,671
398253600,1869,604,677,654,671
398260800,2174,608,667,658,671
398268000,2314,614,665,664,671
398275200,2450,618,666,668,671
398282400,2446,619,666,669,673
398289600,2197,617,665,666,673
398296800,1793,613,677,662,673
398304000,1788,610,686,659,673
398311200,1671,607,693,657,673
398318400,1674,605,696,655,672
398325600,1519,604,692,654,671
398332800,1494,603,676,652,670
398340000,1746,603,677,653,670
398347200,1940,605,667,655,670
398354400,2162,609,665,659,670
398361600,2276,613,663,663,671
398368800,2247,615,663,665,671
398376000,2030,612,663,663,671
398383200,1768,609,672,660,671
398390400,1667,606,679,657,671
398397600,1559,604,682,655,671
398404800,1478,603,677,654,670
398412000,1416,601,678,653,669
398419200,1407,599,678,651,669
398426400,1684,600,674,652,669
398433600,2110,604,665,655,669
398440800,2303,611,665,662,669
398448000,2391,616,663,667,670
398455200,2401,618,663,669,671
398462400,2263,617,663,667,671
398469600,1820,612,673,662,671
398476800,1720,609,697,659,671
398484000,1717,606,695,657,671
398491200,1668,605,697,655,671
398498400,1611,603,698,654,671
398505600,1601,602,697,653,670
398512800,1946,603,671,654,670
398520000,2249,608,667,658,670
398527200,2360,614,667,664,670
398534400,2458,618,666,669,671
398541600,2444,619,665,671,672
398548800,2302,618,665,668,673
398556000,1687,613,680,662,673
398563200,1606,608,695,658,673
398570400,1557,606,697,656,673
398577600,1486,603,693,654,671
398584800,1445,602,689,653,671
398592000,1594,601,680,651,670
398599200,1985,602,673,653,670
398606400,2302,607,666,657,670
398613600,2414,613,666,663,670
398620800,2484,617,665,669,671
398628000,2425,619,665,670,672
398635200,2151,617,667,667,673
398642400,1694,612,682,661,673
398649600,1634,608,694,658,673
398656800,1618,606,699,656,673
398664000,1594,603,695,654,672
398671200,1550,603,696,653,671
398678400,1590,601,692,651,671
398685600,1934,602,676,652,670
398692800,2090,606,665,656,670
398700000,2222,610,663,659,670
398707200,2160,611,662,661,670
398714400,2100,611,664,660,670
398721600,2062,611,661,660,671
398728800,1721,608,677,657,670
398736000,1688,606,684,655,670
398743200,1690,605,683,654,670
398750400,1657,603,684,653,669
398757600,1630,603,689,652,669
398764800,1635,602,689,652,669
398772000,1872,602,672,652,668
398779200,2103,607,666,656,669
398786400,2238,612,669,661,669
398793600,2304,616,672,666,670
398800800,2316,617,667,667,671
398808000,2134,616,667,665,671
398815200,1845,612,667,661,671
398822400,1762,609,685,658,671
398829600,1728,607,678,656,671
398836800,1554,605,697,655,671
398844000,1468,603,705,653,670
398851200,1471,601,689,651,669
398858400,1912,602,677,652,669
398865600,2162,607,670,656,669
398872800,2308,612,671,661,669
398880000,2308,615,664,665,670
398887200,2229,615,666,665,671
398894400,2050,613,666,662,671
398901600,1770,610,685,659,671
398908800,1574,607,702,656,671
398916000,1479,604,698,654,670
398923200,1503,603,691,652,669
398930400,1418,601,693,651,669
398937600,1472,600,686,650,668
398944800,1894,601,676,651,668
398952000,2186,606,670,655,668
398959200,2296,612,671,661,668
398966400,2361,615,671,665,669
398973600,2353,617,670,667,670
398980800,2186,615,668,664,671
398988000,1700,611,682,659,671
398995200,1466,607,698,656,671
399002400,1469,604,699,653,670
399009600,1456,602,698,651,669
399016800,1383,601,699,650,669
399024000,1382,599,683,649,667
399031200,1806,600,674,650,667
399038400,2093,604,666,653,667
399045600,2262,610,667,659,667
399052800,2349,614,667,664,669
399060000,2349,615,667,665,669
399067200,2178,614,666,663,670
399074400,1753,610,675,659,670
399081600,1426,606,697,654,670
399088800,1452,603,692,652,669
399096000,1343,601,697,650,669
399103200,1317,599,692,649,667
399110400,1366,599,689,647,667
399117600,1830,599,671,648,667
399124800,2023,604,664,652,667
399132000,2249,609,664,658,667
399139200,2343,613,667,663,668
399146400,2288,615,667,664,669
399153600,2076,613,665,661,669
399160800,1772,608,679,657,669
399168000,1599,605,698,654,669
399175200,1521,602,694,651,669
399182400,1338,600,695,649,668
399189600,1182,598,692,647,667
399196800,1172,597,686,645,666
399204000,1644,597,667,646,665
399211200,1918,601,658,650,666
399218400,2093,607,657,655,666
399225600,2194,611,657,660,667
399232800,2186,613,658,661,667
399240000,1945,610,658,659,667
399247200,1464,606,680,654,667
399254400,1469,603,672,651,667
399261600,1455,601,669,649,667
399268800,1476,599,669,648,667
399276000,1438,599,667,647,666
399283200,1536,598,667,646,665
399290400,1981,599,662,648,665
399297600,2127,604,661,652,665
399304800,2224,609,659,656,666
399312000,2362,612,658,660,667
399319200,2350,614,659,663,667
399326400,1753,613,666,661,670
399333600,1589,609,674,658,670
399340800,1601,606,679,655,669
399348000,1539,606,679,655,671
399355200,1514,606,689,655,671
399362400,1487,679,697,661,670
399369600,1483,703,688,676,669
399376800,1859,702,668,686,667
399384000,2093,707,668,696,666
399391200,2218,711,667,708,666
399398400,2295,711,666,718,667
399405600,2308,709,665,722,668
399412800,2181,705,664,722,669
399420000,1522,699,687,719,668
399427200,1532,694,687,717,668
399434400,1491,689,682,714,667
399441600,1471,685,678,712,667
399448800,1427,682,678,711,665
399456000,1477,679,677,709,665
399463200,2021,678,672,709,664
399470400,2228,683,666,712,663
399477600,2368,691,665,719,664
399484800,2437,696,666,725,665
399492000,2420,697,667,727,667
399499200,2250,694,668,724,668
399506400,1716,689,685,721,669
399513600,1520,683,701,718,669
399520800,1428,678,697,714,667
399528000,1389,674,700,712,667
399535200,1348,670,700,710,666
399542400,1337,668,693,707,665
399549600,1852,666,673,707,665
399556800,2027,670,668,709,665
399564000,2251,677,667,714,665
399571200,2282,681,667,718,666
399578400,2244,682,667,719,667
399585600,2064,679,666,716,667
399592800,1770,674,670,713,667
399600000,1361,669,690,710,667
399607200,1343,665,691,707,667
399614400,1268,662,700,704,666
399621600,1231,659,693,702,665
399628800,1218,656,685,700,663
399636000,1611,655,675,699,663
399643200,2039,659,661,702,663
399650400,2214,665,659,707,663
399657600,2272,670,659,712,665
399664800,2293,672,660,714,666
399672000,2102,670,663,711,667
399679200,1580,666,677,708,667
399686400,1457,662,692,705,667
399693600,1516,659,687,703,667
399700800,1496,657,684,702,666
399708000,1405,655,684,700,665
399715200,1457,653,686,699,665
399722400,1960,653,666,699,665
399729600,2142,657,666,702,665
399736800,2266,662,663,707,665
399744000,2301,666,662,711,666
399751200,2134,666,666,712,667
399758400,1835,664,667,708,668
399765600,1672,660,670,706,670
399772800,1532,660,677,707,671
399780000,1540,658,683,705,671
399787200,1514,656,683,704,671
399794400,1483,655,686,703,670
399801600,1456,653,695,701,669
399808800,1536,652,688,701,668
399816000,1706,653,670,701,667
399823200,1912,657,669,704,666
399830400,2043,660,665,708,667
399837600,1925,660,665,709,667
399844800,1624,656,673,705,667
399852000,1459,654,690,704,668
399859200,1369,651,693,701,668
399866400,1252,649,706,699,667
399873600,1224,647,712,697,667
399880800,1191,645,688,695,666
399888000,1219,643,684,694,665
399895200,1561,643,676,693,663
399902400,1810,647,668,695,663
399909600,1964,654,669,701,663
399916800,2075,660,671,706,663
399924000,2100,662,671,708,665
399931200,1936,660,670,706,666
399938400,1425,655,684,702,666
399945600,1164,651,693,699,665
399952800,1218,648,699,696,665
399960000,1196,646,697,694,664
399967200,1127,643,690,692,663
399974400,1166,641,676,691,662
399981600,1609,641,670,691,662
399988800,1920,646,663,693,663
399996000,2070,653,663,699,663
400003200,2181,659,662,705,663
400010400,2215,661,662,707,665
400017600,2014,660,664,705,665
400024800,1373,656,688,701,665
400032000,1307,652,701,698,666
400039200,1271,648,689,696,665
400046400,1274,646,685,694,665
400053600,1188,644,680,692,663
400060800,1221,642,679,691,663
400068000,1670,641,671,691,663
400075200,1995,646,665,694,663
400082400,2137,653,664,700,663
400089600,2236,658,663,705,663
400096800,2214,660,663,707,665
400104000,1947,658,667,704,666
400111200,1678,655,670,701,666
400118400,1603,652,676,699,666
400125600,1485,650,693,697,666
400132800,1397,647,692,695,665
400140000,1326,645,702,694,665
400147200,1210,644,699,692,663
400154400,1600,643,674,692,663
400161600,1859,646,664,694,663
400168800,2026,652,665,699,663
400176000,2114,656,665,704,665
400183200,2139,657,666,705,666
400190400,1875,655,665,702,667
400197600,1515,652,680,699,667
400204800,1426,650,690,698,667
400212000,1353,647,697,695,666
400219200,1208,645,696,694,665
400226400,1241,643,697,691,664
400233600,1236,642,689,691,663
400240800,1722,641,668,691,663
400248000,1767,643,659,692,663
400255200,1730,645,659,693,663
400262400,1790,647,658,695,663
400269600,1803,648,657,695,663
400276800,1635,647,659,695,663
400284000,1431,645,679,693,663
400291200,1358,643,682,692,663
400298400,1329,642,682,691,663
400305600,1389,641,679,690,662
400312800,1332,640,677,689,661
400320000,1281,639,681,688,661
400327200,1624,639,663,688,661
400334400,1961,643,665,691,661
400341600,2068,649,663,697,662
400348800,2151,652,663,702,663
400356000,2157,654,663,703,664
400363200,1908,652,665,700,665
400370400,1337,650,678,696,665
400377600,1319,646,680,694,665
400384800,1338,644,681,692,665
400392000,1296,642,680,691,665
400399200,1268,641,689,689,663
400406400,1263,639,698,688,663
400413600,1711,639,668,689,663
400420800,2071,642,666,692,663
400428000,2195,647,661,697,663
400435200,2227,650,661,702,664
400442400,2205,651,662,703,665
400449600,1901,650,666,699,666
400456800,1355,647,692,694,666
400464000,1383,643,699,693,667
400471200,1342,641,698,691,666
400478400,1309,639,700,689,665
400485600,1259,638,700,688,665
400492800,1249,637,700,687,664
400500000,1747,636,670,687,664
400507200,2030,640,665,690,665
400514400,2179,645,663,695,665
400521600,2187,647,662,698,665
400528800,2219,648,660,699,666
400536000,2040,647,662,696,667
400543200,1419,644,681,693,667
400550400,1431,641,699,690,667
400557600,1318,639,699,689,666
400564800,1257,637,703,687,666
400572000,1263,635,701,687,665
400579200,1283,634,699,685,665
400586400,1741,634,671,686,665
400593600,1974,638,662,689,665
400600800,2194,642,666,693,665
400608000,2211,644,666,696,665
400615200,2152,645,666,696,667
400622400,1931,642,665,693,667
400629600,1539,640,675,689,667
400636800,1126,638,694,686,666
400644000,1188,636,684,684,665
400651200,1119,634,680,683,665
400658400,1099,632,674,681,663
400665600,1093,631,670,680,663
400672800,1483,629,666,681,663
400680000,1771,633,657,683,664
400687200,1897,638,657,688,665
400694400,2002,641,657,692,665
400701600,2012,642,657,693,665
400708800,0,0,0,0,0
400716000,0,0,0,0,0
400723200,0,0,0,0,0
400730400,0,0,0,0,0
400737600,0,0,0,0,0
400744800,0,0,0,0,0
400752000,0,0,0,0,0
400759200,0,0,0,0,0
400766400,0,0,0,0,0
400773600,0,0,0,0,0
400780800,0,0,0,0,0
