450705600,1106,657,658,690,711
450712800,1191,660,660,691,719
450720000,1247,663,662,691,720
450727200,1266,663,662,691,720
450734400,1128,659,658,691,720
450741600,817,655,655,691,719
450748800,755,652,653,691,719
450756000,657,650,651,690,718
450763200,641,649,650,690,717
450770400,616,648,649,690,716
450777600,661,647,648,689,716
450784800,994,649,651,689,717
450792000,1156,653,655,689,717
450799200,1294,658,659,689,717
450806400,1401,661,661,690,718
450813600,1483,662,661,690,718
450820800,1427,658,657,691,719
450828000,1022,653,653,691,718
450835200,1000,651,652,691,719
450842400,1071,650,651,691,718
450849600,986,650,650,690,718
450856800,970,649,649,690,717
450864000,979,648,649,690,717
450871200,1158,649,650,690,717
450878400,1265,650,650,690,717
450885600,1426,654,654,690,718
450892800,1560,657,656,689,718
450900000,1516,657,656,690,718
450907200,1297,653,653,690,718
450914400,1034,649,649,690,718
450921600,990,648,648,690,718
450928800,867,646,646,689,717
450936000,835,645,645,689,716
450943200,672,644,644,689,715
450950400,770,643,644,688,715
450957600,1073,645,646,688,716
450964800,1291,649,650,688,716
450972000,1387,652,652,622,716
450979200,1477,654,654,271,716
450986400,1513,655,653,264,717
450993600,1371,650,649,255,717
451000800,1177,646,646,308,717
451008000,1000,644,644,343,716
451015200,871,643,643,358,715
451022400,853,642,642,399,715
451029600,852,641,641,398,714
451036800,870,641,641,402,714
451044000,1220,642,643,375,715
451051200,1424,646,647,307,715
451058400,1520,649,648,207,715
451065600,1657,651,650,122,716
451072800,1706,651,649,128,717
451080000,1624,647,646,144,717
451087200,1429,643,642,238,718
451094400,1251,641,640,387,717
451101600,1207,641,640,399,717
451108800,1227,640,639,444,717
451116000,1235,640,639,472,717
451123200,1230,640,639,421,717
451130400,1178,639,639,382,716
451137600,1234,640,639,360,716
451144800,1512,643,642,287,716
451152000,1648,644,643,315,717
451159200,1720,644,644,232,716
451166400,1532,641,641,350,716
451173600,1227,637,638,619,716
451180800,1186,636,637,821,716
451188000,1154,635,636,881,716
451195200,1070,634,635,899,715
451202400,936,633,634,964,714
451209600,897,633,634,1013,714
451216800,1292,635,636,881,714
451224000,1519,639,641,710,715
451231200,1669,642,642,481,715
451238400,1746,643,643,350,715
451245600,1785,642,641,266,716
451252800,1683,638,637,380,717
451260000,1267,632,633,687,717
451267200,1095,631,631,780,717
451274400,1059,630,630,788,716
451281600,1120,630,630,800,716
451288800,1060,630,629,884,715
451296000,1122,629,629,865,715
451303200,1421,632,632,738,715
451310400,1650,636,635,505,715
451317600,1744,638,636,328,715
451324800,1794,638,638,244,715
451332000,1797,637,636,244,716
451339200,1666,632,631,380,717
451346400,1276,626,625,630,717
451353600,1038,624,623,765,716
451360800,999,623,623,775,716
451368000,955,623,622,782,715
451375200,907,623,622,794,714
451382400,957,622,622,788,714
451389600,1367,625,625,702,714
451396800,1579,629,629,515,714
451404000,1713,631,630,334,714
451411200,1813,632,630,213,714
451418400,1802,629,628,204,715
451425600,1653,624,622,350,715
451432800,1391,621,619,532,716
451440000,1326,620,618,630,716
451447200,1411,619,617,584,715
451454400,1393,619,617,621,715
451461600,1332,618,617,638,714
451468800,1268,618,617,654,714
451476000,1413,619,618,628,715
451483200,1729,624,621,387,715
451490400,1816,624,622,352,714
451497600,1671,620,620,608,712
451504800,1467,617,618,684,712
451512000,1283,616,616,684,712
451519200,1130,614,613,683,712
451526400,1065,623,609,685,722
451533600,1042,630,612,687,724
451540800,954,631,617,685,723
451548000,863,628,622,682,720
451555200,826,628,626,682,719
451562400,970,636,638,684,722
451569600,1074,651,660,683,721
451576800,1234,671,667,680,714
451584000,1337,677,677,679,712
451591200,1317,675,677,680,712
451598400,1263,672,674,680,712
451605600,1054,667,671,679,712
451612800,967,665,669,679,711
451620000,843,662,666,678,711
451627200,844,661,665,678,710
451634400,832,660,663,677,710
451641600,889,660,663,677,710
451648800,1038,660,664,677,710
451656000,1186,663,666,677,709
451663200,1182,664,666,676,709
451670400,1267,665,666,676,708
451677600,1305,666,665,675,709
451684800,1265,666,665,676,710
451692000,1119,664,664,675,709
451699200,1066,663,663,675,709
451706400,1040,662,662,675,709
451713600,1032,662,661,675,709
451720800,1052,662,661,674,709
451728000,1076,665,651,675,711
451735200,1137,669,653,677,713
451742400,1240,673,660,678,715
451749600,1257,676,664,677,713
451756800,1354,676,664,675,710
451764000,1279,678,663,675,710
451771200,1163,692,672,680,717
451778400,1106,716,703,681,718
451785600,1095,725,717,681,718
451792800,1125,728,720,681,718
451800000,1078,736,725,680,717
451807200,1073,735,724,681,717
451814400,1076,733,722,680,717
451821600,1108,732,722,680,717
451828800,1173,732,721,679,718
451836000,1222,733,723,679,718
451843200,1205,735,724,679,718
451850400,1190,739,726,679,718
451857600,1152,742,727,679,719
451864800,1092,737,725,679,719
451872000,1074,731,723,678,717
451879200,1067,723,715,675,714
451886400,1022,720,713,672,712
451893600,985,719,720,672,715
451900800,974,716,719,673,717
451908000,1147,718,721,673,720
451915200,1250,719,724,673,722
451922400,1277,718,723,673,725
451929600,1298,716,722,674,727
451936800,1345,716,722,674,729
451944000,1131,709,717,674,731
451951200,1004,705,713,674,732
451958400,929,702,711,673,733
451965600,851,700,709,673,734
451972800,845,697,707,672,733
451980000,768,695,705,673,733
451987200,816,692,703,672,733
451994400,1072,693,705,672,734
452001600,1189,699,709,672,734
452008800,1270,703,712,672,734
452016000,1266,703,712,673,734
452023200,1263,703,711,673,735
452030400,1203,700,708,673,736
452037600,1016,695,705,673,736
452044800,936,692,702,672,736
452052000,866,689,700,672,736
452059200,860,688,698,672,735
452066400,924,686,697,672,735
452073600,906,685,696,671,735
452080800,1126,686,698,672,735
452088000,1288,691,703,672,735
452095200,1439,697,707,672,735
452102400,1492,701,708,673,735
452109600,1474,702,707,674,736
452116800,1315,696,701,674,737
452124000,978,690,697,674,737
452131200,872,686,694,673,737
452138400,934,684,692,673,737
452145600,983,682,691,673,736
452152800,863,681,689,672,735
452160000,972,680,689,672,735
452167200,1344,683,692,673,735
452174400,1545,688,697,673,735
452181600,1693,695,701,673,735
452188800,1755,698,703,674,735
452196000,1752,697,701,676,736
452203200,1656,694,697,677,737
452210400,1196,687,691,676,738
452217600,1090,683,687,676,738
452224800,1033,681,685,675,737
452232000,1005,678,684,675,736
452239200,952,677,682,674,736
452246400,1044,676,682,674,736
452253600,1486,680,684,675,736
452260800,1615,684,688,675,735
452268000,1790,690,692,675,735
452275200,1900,694,695,676,736
452282400,1929,693,694,677,737
452289600,1787,689,688,678,737
452296800,1422,683,683,678,738
452304000,1230,679,680,678,738
452311200,1164,677,678,677,738
452318400,1137,675,676,677,737
452325600,1108,674,675,676,736
452332800,1144,673,674,676,736
452340000,1522,676,676,676,736
452347200,1761,681,681,676,736
452354400,1949,686,684,677,736
452361600,2027,688,686,677,736
452368800,2031,687,684,678,737
452376000,1893,683,679,679,738
452383200,1403,677,674,679,738
452390400,1361,674,672,679,738
452397600,1323,673,670,678,737
452404800,1230,671,668,677,736
452412000,1160,670,667,677,736
452419200,1235,669,666,677,736
452426400,1650,672,667,677,736
452433600,1816,675,671,677,735
452440800,2002,678,672,677,734
452448000,1999,677,672,677,733
452455200,1910,674,669,677,733
452462400,1827,670,666,678,734
452469600,1464,667,662,677,733
452476800,1328,664,661,677,733
452484000,1328,663,660,676,732
452491200,1294,663,658,676,732
452498400,1208,661,657,675,731
452505600,1233,661,657,675,731
452512800,1400,662,657,675,731
452520000,1677,665,658,675,731
452527200,1817,667,660,675,730
452534400,1844,667,660,675,730
452541600,1809,665,659,675,730
452548800,1698,663,656,675,730
452556000,1499,659,653,675,730
452563200,1165,656,651,674,729
452570400,1173,655,650,674,729
452577600,1106,654,649,673,728
452584800,1093,654,648,672,727
452592000,1128,654,647,672,727
452599200,1336,655,648,672,727
452606400,1481,657,649,672,727
452613600,1601,658,650,672,727
452620800,1634,659,651,672,726
452628000,1629,657,649,672,726
452635200,1557,658,646,674,729
452642400,1330,657,643,674,730
452649600,1208,656,641,674,731
452656800,1217,656,641,673,730
452664000,1163,655,640,673,730
452671200,1162,654,640,673,730
452678400,1177,654,639,675,729
452685600,1217,655,639,675,729
452692800,1165,654,639,673,728
452700000,1225,656,640,670,727
452707200,1380,658,642,667,728
452714400,1379,658,643,666,728
452721600,1221,658,636,664,725
452728800,1133,658,632,664,722
452736000,1108,657,632,663,723
452743200,1065,656,631,659,724
452750400,1055,657,631,663,721
452757600,1027,657,631,664,720
452764800,1025,656,631,664,720
452772000,1056,657,631,665,720
452779200,1258,659,633,664,720
452786400,1427,663,637,663,720
452793600,1481,664,640,663,719
452800800,1470,663,639,663,719
452808000,1375,660,635,664,719
452815200,1071,655,630,665,719
452822400,962,653,628,665,719
452829600,949,652,627,665,718
452836800,927,651,627,665,718
452844000,853,651,626,665,717
452851200,911,651,626,664,717
452858400,1252,653,629,663,718
452865600,1431,657,633,662,717
452872800,1512,659,635,662,717
452880000,1572,659,636,662,717
452887200,1565,657,633,663,717
452894400,1462,653,629,663,718
452901600,1308,650,626,664,717
452908800,1246,649,625,664,717
452916000,1216,649,624,664,717
452923200,1195,648,623,662,717
452930400,1157,654,623,664,729
452937600,1148,658,620,666,730
452944800,1174,658,622,666,730
452952000,1289,660,623,665,729
452959200,1305,659,631,660,725
452966400,1213,660,629,661,728
452973600,1244,660,633,661,727
452980800,1301,657,636,656,721
452988000,1125,653,633,657,718
452995200,1065,654,633,655,724
453002400,990,653,633,654,725
453009600,1005,653,634,654,725
453016800,981,658,637,662,727
453024000,1003,659,641,662,727
453031200,1046,661,645,662,726
453038400,1107,663,652,660,725
453045600,1072,664,654,654,723
453052800,1113,669,658,655,725
453060000,1012,675,659,660,725
453067200,1033,685,668,661,725
453074400,965,694,675,660,725
453081600,961,700,679,660,725
453088800,958,703,683,659,725
453096000,966,702,683,656,723
453103200,962,699,681,652,718
453110400,1021,698,680,652,716
453117600,1162,700,682,653,715
453124800,1290,704,686,654,714
453132000,1340,706,689,654,713
453139200,1436,708,691,655,713
453146400,1419,709,691,656,713
453153600,1330,705,685,656,714
453160800,1023,699,679,657,713
453168000,994,695,675,657,713
453175200,973,692,673,656,713
453182400,975,691,672,656,712
453189600,966,689,670,656,712
453196800,1008,689,670,656,711
453204000,1166,690,671,656,712
453211200,1323,694,675,655,712
453218400,1437,699,679,655,712
453225600,1467,702,682,655,712
453232800,1430,701,680,656,712
453240000,1363,697,674,657,712
453247200,1064,691,668,658,712
453254400,948,687,665,658,712
453261600,856,684,662,658,711
453268800,864,682,660,657,710
453276000,860,681,659,657,710
453283200,962,680,659,657,709
453290400,1328,682,662,656,711
453297600,1466,688,666,656,710
453304800,1593,693,671,656,710
453312000,1679,697,674,656,711
453319200,1642,695,671,656,711
453326400,1530,690,665,657,712
453333600,1308,685,660,658,712
453340800,1289,683,658,658,712
453348000,1065,680,655,658,712
453355200,1049,678,654,658,711
453362400,1107,676,653,658,710
453369600,1146,675,652,657,710
453376800,1480,678,654,656,711
453384000,1678,683,659,656,710
453391200,1766,687,662,656,710
453398400,1855,689,664,656,710
453405600,1890,689,663,657,711
453412800,1779,684,656,657,711
453420000,1395,678,650,658,711
453427200,1212,674,647,659,711
453434400,1250,673,645,659,711
453441600,1229,671,644,658,710
453448800,1171,670,643,658,709
453456000,1262,669,643,657,709
453463200,1677,671,645,656,710
453470400,1778,675,648,656,709
453477600,1916,678,652,655,709
453484800,2004,678,653,656,709
453492000,1984,675,649,656,709
453499200,1840,671,643,657,710
453506400,1532,666,638,658,710
453513600,1389,664,636,658,710
453520800,1397,663,634,658,709
453528000,1429,662,634,657,709
453535200,1344,662,633,657,708
453542400,1346,661,632,656,707
453549600,1534,662,633,656,707
453556800,1712,663,635,655,707
453564000,1855,665,637,654,706
453571200,1910,666,639,654,706
453578400,1611,664,634,652,709
453585600,1468,660,631,653,708
453592800,1361,658,628,653,707
453600000,1271,657,626,654,706
453607200,1191,656,625,653,706
453614400,1152,655,625,653,705
453621600,1127,655,624,652,704
453628800,1242,655,624,652,704
453636000,1615,657,628,652,705
453643200,1753,661,632,652,704
453650400,1871,664,635,652,703
453657600,1966,663,637,652,703
453664800,1945,661,634,653,703
453672000,1885,657,629,653,704
453679200,1570,652,622,654,704
453686400,1328,649,618,654,703
453693600,1281,648,617,654,703
453700800,1233,647,615,654,702
453708000,1196,647,615,653,702
453715200,1246,647,615,653,701
453722400,1559,648,618,651,701
453729600,1742,651,621,651,701
453736800,1841,653,624,650,700
453744000,1901,652,624,651,700
453751200,1783,650,622,651,699
453758400,1542,646,617,651,700
453765600,1358,642,613,652,700
453772800,1283,641,610,653,700
453780000,1182,639,608,652,699
453787200,1125,639,607,652,698
453794400,1058,638,606,652,697
453801600,1175,638,607,651,697
453808800,1462,641,610,650,697
453816000,1552,643,613,649,696
453823200,1639,644,615,649,696
453830400,1598,643,614,649,696
453837600,1618,642,614,649,696
453844800,1395,638,608,650,696
453852000,1266,635,604,650,696
453859200,1216,634,603,650,696
453866400,1140,633,601,650,695
453873600,1111,632,600,650,695
453880800,1091,632,600,649,694
453888000,1203,632,600,649,694
453895200,1518,635,604,648,694
453902400,1738,639,608,647,694
453909600,1799,640,611,647,693
453916800,1852,638,611,647,693
453924000,1746,636,608,647,693
453931200,1627,631,603,648,694
453938400,1370,628,599,645,695
453945600,1349,626,597,648,694
453952800,1234,625,596,648,693
453960000,1177,624,595,648,693
453967200,1263,624,595,648,692
453974400,1328,624,595,647,692
453981600,1631,627,598,646,691
453988800,1884,632,603,645,691
453996000,2022,635,608,645,690
454003200,1892,631,605,645,690
454010400,1861,627,602,646,691
454017600,1735,625,600,647,691
454024800,1452,620,594,647,692
454032000,1396,618,592,648,692
454039200,1326,617,590,647,691
454046400,1213,616,589,647,690
454053600,1188,615,588,647,690
454060800,1348,616,589,646,690
454068000,1711,619,593,645,690
454075200,1991,624,598,644,689
454082400,2133,627,603,644,689
454089600,2185,626,605,644,689
454096800,2149,623,603,645,689
454104000,2022,618,596,645,690
454111200,1594,611,588,647,690
454118400,1386,607,584,648,690
454125600,1337,605,581,648,689
454132800,1303,604,580,647,689
454140000,1258,603,579,647,688
454147200,1427,603,580,646,688
454154400,1844,607,584,644,688
454161600,2060,612,589,643,687
454168800,2182,616,594,643,687
454176000,2203,615,596,643,687
454183200,2219,611,594,643,687
454190400,2131,607,589,644,688
454197600,1702,599,580,646,688
454204800,1545,595,576,646,688
454212000,1464,592,574,646,687
454219200,1346,590,572,646,687
454226400,1246,589,570,645,686
454233600,1359,589,570,644,686
454240800,1632,593,573,643,685
454248000,1820,598,578,643,685
454255200,1975,602,584,642,684
454262400,2066,602,586,642,685
454269600,2078,599,584,642,685
454276800,1913,594,578,643,685
454284000,1614,588,572,644,686
454291200,1504,585,570,644,686
454298400,1376,583,568,644,685
454305600,1267,581,566,644,684
454312800,1200,580,565,643,683
454320000,1347,580,565,642,682
454327200,1698,584,568,641,683
454334400,1842,590,574,641,682
454341600,1950,594,579,640,682
454348800,2056,594,582,640,682
454356000,2033,591,579,641,682
454363200,1935,587,575,642,683
454370400,1590,581,569,642,682
454377600,1435,578,565,643,682
454384800,1410,576,564,643,682
454392000,1262,574,562,642,681
454399200,1238,573,561,642,680
454406400,1386,573,561,641,680
454413600,1780,578,565,639,680
454420800,1964,584,571,639,680
454428000,2091,588,576,639,679
454435200,2202,588,578,639,680
454442400,2161,586,576,639,680
454449600,2054,581,572,640,680
454456800,1760,576,566,641,680
454464000,1431,572,562,642,679
454471200,1422,570,560,641,679
454478400,1368,569,559,641,678
454485600,1257,568,557,641,677
454492800,1415,567,558,640,677
454500000,1766,571,561,639,677
454507200,2060,578,568,638,677
454514400,2114,582,573,638,677
454521600,2172,582,574,638,677
454528800,2137,580,572,639,678
454536000,1973,576,567,640,678
454543200,1610,571,561,641,677
454550400,1437,567,558,641,677
454557600,1459,565,557,641,676
454564800,1368,564,555,641,675
454572000,1306,563,554,640,675
454579200,1550,563,555,639,675
454586400,1816,567,558,638,675
454593600,1972,573,564,637,675
454600800,2146,577,569,637,675
454608000,2202,578,571,637,675
454615200,2188,577,570,637,676
454622400,1993,573,564,638,676
454629600,1779,568,559,639,676
454636800,1605,565,557,640,675
454644000,1444,562,554,640,675
454651200,1330,560,552,640,674
454658400,1219,559,551,640,673
454665600,1198,558,551,639,672
454672800,1450,561,553,637,673
454680000,1669,567,559,636,673
454687200,1825,572,565,636,673
454694400,1903,574,567,636,673
454701600,1931,573,567,636,674
454708800,1835,569,563,637,674
454716000,1416,563,556,639,673
454723200,1131,558,550,640,672
454730400,1071,555,548,640,672
454737600,1069,554,547,639,671
454744800,1029,553,546,638,670
454752000,1208,553,546,637,669
454759200,1658,557,551,635,670
454766400,1921,565,557,634,670
454773600,2053,571,564,634,670
454780800,2128,572,567,634,671
454788000,2106,571,565,635,672
454795200,1990,567,560,636,672
454802400,1532,561,554,638,672
454809600,1430,557,550,638,672
454816800,1497,556,549,638,672
454824000,1635,555,549,637,672
454831200,1500,555,549,637,671
454838400,1515,555,549,636,670
454845600,1805,557,551,635,671
454852800,1785,561,554,634,670
454860000,1771,561,554,635,670
454867200,1914,562,557,634,670
454874400,1949,565,559,634,670
454881600,1826,562,556,635,670
454888800,1509,559,552,636,669
454896000,1349,555,549,636,669
454903200,1381,554,548,636,668
454910400,1323,553,547,635,667
454917600,1328,553,547,635,667
454924800,1384,553,547,634,666
454932000,1604,556,550,633,666
454939200,1650,559,553,633,666
454946400,1765,562,557,632,667
454953600,1917,567,562,632,667
454960800,1651,566,559,630,669
454968000,1697,562,556,632,668
454975200,1516,559,552,634,668
454982400,1413,557,550,634,667
454989600,1396,555,549,634,667
454996800,1287,554,548,634,666
455004000,1165,552,547,634,665
455011200,1338,552,548,633,665
455018400,1719,556,551,632,666
455025600,1906,563,558,631,666
455032800,2026,569,564,631,666
455040000,2095,571,567,631,667
455047200,2124,570,566,632,668
455054400,1956,565,560,634,668
455061600,1725,560,554,635,669
455068800,1633,557,551,635,669
455076000,1515,555,550,635,668
455083200,1452,553,548,635,667
455090400,1399,553,548,634,666
455097600,1472,552,548,633,666
455104800,1788,555,551,632,667
455112000,2020,561,557,632,667
455119200,2066,565,562,632,667
455126400,1768,562,557,632,667
455133600,1991,562,558,632,668
455140800,1720,560,555,634,667
455148000,1556,557,552,634,667
455155200,1394,553,550,626,671
455162400,1371,552,548,632,666
455169600,1332,551,547,633,665
455176800,1251,550,546,632,664
455184000,1332,550,546,631,664
455191200,1679,553,549,630,664
455198400,1939,560,557,630,664
455205600,1616,564,558,630,668
455212800,1945,564,561,628,668
455220000,2074,568,565,630,666
455227200,1987,567,563,631,667
455234400,1602,561,556,632,666
455241600,1351,556,552,633,665
455248800,1246,554,550,633,665
455256000,1184,552,548,633,664
455263200,1125,550,547,632,663
455270400,1347,550,548,631,663
455277600,1725,554,552,630,664
455284800,1919,561,559,629,664
455292000,2064,567,566,629,664
455299200,2155,570,569,630,665
455306400,2172,568,567,630,666
455313600,2080,565,563,631,667
455320800,1768,560,556,633,666
455328000,1578,555,552,634,666
455335200,1471,553,549,634,666
455342400,1365,551,547,634,665
455349600,1321,549,546,633,664
455356800,1433,549,546,632,664
455364000,1746,552,550,631,664
455371200,1944,559,557,630,664
455378400,2059,564,563,630,665
455385600,2042,565,563,631,665
455392800,1922,562,559,632,665
455400000,1894,559,556,632,665
455407200,1652,555,552,633,665
455414400,1453,552,549,633,665
455421600,1377,550,547,633,664
455428800,1277,548,545,633,663
455436000,1252,547,544,632,662
455443200,1370,547,545,631,661
455450400,1705,550,548,630,661
455457600,1937,557,556,629,662
455464800,2056,563,562,629,663
455472000,2047,564,563,630,663
455479200,1947,560,557,631,664
455486400,1763,556,553,632,664
455493600,1415,556,551,628,672
455500800,1328,562,552,630,679
455508000,1297,557,553,627,677
455515200,1189,554,551,623,673
455522400,1138,550,549,622,668
455529600,1294,549,549,624,664
455536800,1620,552,552,626,662
455544000,1828,559,562,626,661
455551200,1937,566,569,626,661
455558400,1977,570,573,627,662
455565600,1987,572,574,628,663
455572800,1951,571,572,629,664
455580000,1508,565,565,630,663
455587200,1288,560,560,631,662
455594400,1242,557,558,631,661
455601600,1180,555,557,630,661
455608800,1146,554,556,629,660
455616000,1369,554,557,628,660
455623200,1719,558,561,627,660
455630400,1889,565,570,627,661
455637600,2039,571,575,627,661
455644800,2184,573,579,627,662
455652000,2188,567,587,630,661
455659200,2068,561,587,632,660
455666400,1813,557,581,634,660
455673600,1597,553,577,635,659
455680800,1532,551,574,635,659
455688000,1392,548,572,635,658
455695200,1316,547,571,634,657
455702400,1534,547,571,633,657
455709600,1877,551,575,631,658
455716800,1977,556,581,630,658
455724000,2024,560,585,631,658
455731200,2107,560,584,631,659
455738400,2149,563,586,631,660
455745600,2067,560,583,632,660
455752800,1739,555,576,634,660
455760000,1569,551,571,635,659
455767200,1446,549,569,635,659
455774400,1334,547,567,635,658
455781600,1207,545,565,634,657
455788800,1379,544,565,633,657
455796000,1669,548,568,631,657
455803200,1855,555,576,630,657
455810400,1949,559,582,630,658
455817600,2042,561,585,630,659
455824800,2052,560,583,631,660
455832000,1991,557,579,633,661
455839200,1610,550,571,635,660
455846400,1339,545,566,636,659
455853600,1281,543,563,636,659
455860800,1249,541,562,635,658
455868000,1222,540,561,635,657
455875200,1401,540,561,633,657
455882400,1820,544,565,631,658
455889600,2035,550,573,630,658
455896800,2162,555,579,630,659
455904000,2237,555,580,630,660
455911200,2201,552,576,632,661
455918400,2190,551,574,633,661
455925600,1919,547,569,634,660
455932800,1762,543,565,635,660
455940000,1585,541,563,636,659
455947200,1563,540,561,635,659
455954400,1562,539,561,634,658
455961600,1536,538,560,634,657
455968800,1809,541,563,633,658
455976000,1927,545,568,632,659
455983200,1968,548,572,632,659
455990400,1937,549,573,633,659
455997600,1867,547,572,633,659
456004800,1764,544,569,634,659
456012000,1502,541,564,635,658
456019200,1351,540,561,635,658
456026400,1265,539,559,635,657
456033600,1185,537,557,635,656
456040800,1141,536,556,634,655
456048000,1206,536,556,633,654
456055200,1408,538,559,632,654
456062400,1549,543,565,630,654
456069600,1533,544,566,630,654
456076800,1720,549,570,630,655
456084000,1685,547,568,631,656
456091200,1694,545,566,632,656
456098400,1478,542,563,633,656
456105600,1282,539,560,633,655
456112800,1185,537,557,633,654
456120000,1166,536,556,633,654
456127200,1046,534,555,632,653
456134400,1189,535,555,631,653
456141600,1547,539,559,629,653
456148800,1737,545,568,629,654
456156000,1841,549,573,629,655
456163200,1848,549,572,629,655
456170400,1748,546,568,631,655
456177600,1642,542,565,632,656
456184800,1495,540,562,632,655
456192000,1321,538,560,633,654
456199200,1181,536,557,632,654
456206400,1129,534,556,632,653
456213600,1092,534,555,631,652
456220800,1276,534,556,630,652
456228000,1410,540,560,625,658
456235200,1518,545,563,620,661
456242400,1694,544,566,627,654
456249600,1644,546,567,627,654
456256800,1476,544,565,625,655
456264000,1300,542,561,627,655
456271200,1257,540,560,627,655
456278400,1202,541,560,624,659
456285600,1174,540,559,625,657
456292800,1157,539,558,625,656
456300000,1146,539,558,624,654
456307200,1136,542,559,615,658
456314400,1163,544,560,614,659
456321600,1311,543,561,619,655
456328800,1482,546,566,625,651
456336000,1527,547,568,625,651
456343200,1479,545,566,626,652
456350400,1325,543,564,626,652
456357600,1142,541,561,627,651
456364800,990,538,559,627,650
456372000,923,537,557,627,650
456379200,938,536,556,626,649
456386400,889,535,555,626,648
456393600,999,536,556,624,648
456400800,1191,539,559,622,650
456408000,1413,544,566,623,649
456415200,1485,546,568,624,649
456422400,1551,549,571,625,650
456429600,1478,549,571,625,650
456436800,1403,546,568,626,650
456444000,1300,543,564,626,650
456451200,1244,541,562,626,651
456458400,1235,540,561,627,650
456465600,1221,539,560,626,650
456472800,1195,539,560,626,649
456480000,1222,539,560,626,649
456487200,1312,540,561,625,649
456494400,1563,545,566,624,650
456501600,1782,552,574,624,651
456508800,1879,555,577,625,652
456516000,1985,554,576,625,653
456523200,2026,553,575,626,654
456530400,1653,548,569,628,653
456537600,1378,543,564,629,653
456544800,1314,540,561,629,652
456552000,1259,539,560,629,652
456559200,1262,538,559,628,651
456566400,1423,538,560,627,651
456573600,1822,543,564,626,653
456580800,1957,548,570,625,653
456588000,2074,551,574,625,654
456595200,2224,555,578,625,655
456602400,2218,555,578,626,656
456609600,2176,551,574,627,656
456616800,1934,546,568,629,656
456624000,1608,542,563,630,655
456631200,1543,540,561,630,655
456638400,1479,538,560,630,654
456645600,1435,537,559,629,654
456652800,1563,537,559,628,654
456660000,1883,541,563,627,655
456667200,2095,548,571,626,655
456674400,2191,553,576,626,656
456681600,2059,553,576,628,656
456688800,2061,551,573,628,657
456696000,2063,551,572,629,658
456703200,1765,545,566,630,657
456710400,1508,541,561,631,656
456717600,1533,539,559,630,656
456724800,1476,538,558,630,655
456732000,1455,537,558,629,654
456739200,1499,537,558,628,654
456746400,1668,539,560,627,654
456753600,1986,546,568,626,656
456760800,1645,552,570,623,663
456768000,1548,548,566,620,664
456775200,1652,544,563,624,658
456782400,1672,544,564,625,657
456789600,1549,542,562,626,655
456796800,1360,540,560,627,654
456804000,1329,539,559,626,654
456811200,1310,538,558,626,653
456818400,1296,538,558,625,652
456825600,1430,538,559,624,652
456832800,1704,542,563,624,653
456840000,1963,549,571,623,654
456847200,2108,555,578,623,655
456854400,2187,557,580,624,656
456861600,2130,556,577,624,657
456868800,1957,552,573,625,657
456876000,1690,547,567,627,656
456883200,1499,543,563,628,655
456890400,1437,541,561,627,655
456897600,1440,539,560,627,655
456904800,1392,538,559,626,654
456912000,1559,539,560,625,654
456919200,1860,542,564,624,655
456926400,2107,548,570,623,656
456933600,2199,552,576,623,657
456940800,2310,556,579,623,658
456948000,2219,557,577,624,658
456955200,2112,553,573,625,659
456962400,1861,548,567,626,659
456969600,1678,544,563,627,658
456976800,1610,542,561,627,658
456984000,1542,540,560,626,657
456991200,1492,540,559,626,656
456998400,1562,540,559,625,656
457005600,1864,543,563,624,657
457012800,2081,550,572,623,658
457020000,2171,555,577,623,659
457027200,1977,554,575,623,660
457034400,1928,551,570,624,660
457041600,1898,548,568,626,659
457048800,1751,545,564,626,658
457056000,1625,542,562,626,658
457063200,1526,541,560,626,657
457070400,1510,540,559,625,656
457077600,1521,540,559,624,656
457084800,1511,540,559,624,655
457092000,1690,541,562,623,656
457099200,1908,546,568,622,657
457106400,2004,550,572,623,657
457113600,2079,552,574,623,657
457120800,2030,551,573,624,658
457128000,1866,548,568,625,658
457135200,1641,544,564,626,657
457142400,1505,541,561,626,657
457149600,1465,540,560,626,656
457156800,1429,539,559,625,656
457164000,1382,545,563,615,668
457171200,1394,553,558,620,671
457178400,1478,555,565,622,671
457185600,1592,549,568,618,663
457192800,1670,549,569,620,657
457200000,1677,549,570,620,657
457207200,1502,555,568,620,663
457214400,1432,562,569,623,671
457221600,1383,561,572,620,670
457228800,1269,561,574,622,671
457236000,1196,559,576,621,670
457243200,1158,557,577,621,669
457250400,1182,557,578,619,668
457257600,1260,556,580,617,666
457264800,1395,558,583,614,664
457272000,1609,561,590,614,659
457279200,1836,567,599,615,656
457286400,1965,573,607,616,656
457293600,2013,576,608,617,657
457300800,1954,575,605,618,657
457308000,1675,569,598,619,657
457315200,1464,563,592,620,656
457322400,1411,560,589,620,655
457329600,1293,558,586,619,654
457336800,1225,557,584,619,653
457344000,1355,557,584,618,653
457351200,1721,562,590,617,655
457358400,1894,570,602,617,655
457365600,2021,577,609,618,655
457372800,2135,582,613,618,656
457380000,2181,582,614,620,658
457387200,2128,579,609,621,659
457394400,1829,573,601,622,658
457401600,1627,568,595,623,657
457408800,1511,565,592,623,656
457416000,1410,563,589,623,655
457423200,1262,560,586,622,653
457430400,1383,559,586,621,653
457437600,1635,563,591,620,654
457444800,1835,571,599,620,654
457452000,1969,578,605,620,655
457459200,2045,581,607,620,656
457466400,2022,578,603,621,657
457473600,1997,575,598,623,658
457480800,1659,567,591,624,657
457488000,1299,561,584,625,655
457495200,1282,557,581,625,654
457502400,1257,555,579,624,654
457509600,1197,554,577,623,652
457516800,1432,553,578,622,653
457524000,1834,559,585,621,654
457531200,2036,567,593,620,656
457538400,2151,574,599,620,656
457545600,2240,576,601,621,658
457552800,2240,575,599,622,659
457560000,2196,570,592,623,660
457567200,1821,561,583,625,659
457574400,1556,555,576,627,658
457581600,1466,552,573,626,657
457588800,1415,550,571,626,656
457596000,1376,548,569,625,655
457603200,1594,548,569,624,656
457610400,2001,553,576,622,657
457617600,2183,560,584,621,658
457624800,2291,565,589,622,659
457632000,2401,568,591,622,660
457639200,2357,566,588,623,661
457646400,2319,561,583,624,662
457653600,1948,555,575,626,661
457660800,1718,550,570,627,660
457668000,1638,547,567,627,659
457675200,1558,545,565,627,658
457682400,1503,544,563,626,657
457689600,1684,544,564,625,657
457696800,2131,549,570,623,659
457704000,2238,553,575,623,659
457711200,2254,555,576,623,659
457718400,2359,557,578,623,660
457725600,2189,555,576,624,660
457732800,2299,556,576,624,661
457740000,1974,552,571,626,660
457747200,1673,547,566,627,658
457754400,1554,544,563,627,657
457761600,1465,542,562,627,656
457768800,1430,541,561,626,655
457776000,1630,542,561,625,656
457783200,2076,546,568,623,658
457790400,2274,553,577,622,659
457797600,2387,559,582,622,660
457804800,2463,561,583,623,661
457812000,2495,560,582,624,662
457819200,2310,554,575,625,662
457826400,2029,549,569,627,662
457833600,1782,545,564,628,661
457840800,1636,542,562,628,659
457848000,1564,541,560,627,658
457855200,1525,539,559,627,657
457862400,1688,539,559,625,658
457869600,2131,544,565,623,660
457876800,2249,550,572,623,660
457884000,2371,554,577,623,660
457891200,2517,556,578,623,662
457898400,2529,558,579,624,663
457905600,2468,554,575,625,664
457912800,2107,548,568,627,662
457920000,1825,544,563,628,661
457927200,1800,541,560,628,661
457934400,1745,540,559,627,660
457941600,1664,538,558,627,659
457948800,1827,538,558,626,659
457956000,2158,543,563,624,661
457963200,2337,549,572,623,662
457970400,2415,555,577,623,662
457977600,2471,557,579,624,663
457984800,2498,556,578,625,664
457992000,2416,552,573,626,665
457999200,2031,546,566,628,663
458006400,1796,541,560,629,662
458013600,1823,539,558,628,662
458020800,1812,538,557,628,661
458028000,1764,538,557,627,660
458035200,1838,538,557,626,660
458042400,2068,541,561,625,661
458049600,2230,547,568,624,661
458056800,2349,553,573,624,662
458064000,2431,555,575,624,663
458071200,2449,555,575,625,664
458078400,2349,551,570,626,664
458085600,1993,544,563,628,663
458092800,1716,540,558,629,662
458100000,1638,537,556,628,661
458107200,1602,536,555,628,660
458114400,1586,535,554,627,659
458121600,1719,535,554,626,659
458128800,2085,539,560,624,660
458136000,2291,545,568,623,661
458143200,2399,551,574,623,662
458150400,2461,554,576,624,663
458157600,2493,554,575,625,664
458164800,2370,549,569,626,664
458172000,2110,543,563,628,664
458179200,1828,539,558,629,662
458186400,1699,537,556,629,661
458193600,1617,535,554,628,660
458200800,1559,534,553,627,659
458208000,1726,534,554,626,659
458215200,2143,538,559,624,661
458222400,2318,544,567,623,662
458229600,2435,550,572,623,662
458236800,2408,550,572,624,663
458244000,2452,550,571,625,664
458251200,2053,545,565,626,663
458258400,1871,541,560,627,662
458265600,1874,539,558,627,662
458272800,1783,537,557,627,661
458280000,1744,536,556,627,660
458287200,1551,535,554,626,658
458294400,1664,535,554,625,658
458301600,2024,538,559,623,660
458308800,2247,545,568,622,661
458316000,2216,547,569,623,660
458323200,2255,547,569,623,661
458330400,2311,547,568,624,662
458337600,2265,546,567,624,662
458344800,1980,542,562,626,661
458352000,1782,538,558,627,659
458359200,1672,536,556,626,659
458366400,1629,535,555,626,658
458373600,1574,534,554,625,657
458380800,1699,534,555,624,657
458388000,2048,538,560,622,659
458395200,2208,544,568,622,660
458402400,2330,550,574,622,660
458409600,2433,553,576,622,661
458416800,2293,551,573,624,662
458424000,2191,547,567,625,662
458431200,1842,542,561,626,660
458438400,1735,538,558,626,660
458445600,1709,537,557,626,659
458452800,1601,536,556,625,658
458460000,1591,535,555,625,657
458467200,1675,535,555,624,657
458474400,1873,537,558,622,658
458481600,2205,543,565,621,659
458488800,2226,547,568,621,659
458496000,2370,551,572,621,660
458503200,2291,550,570,622,661
458510400,2180,547,567,623,660
458517600,1941,543,562,624,660
458524800,1679,538,558,625,658
458532000,1619,536,556,625,658
458539200,1542,535,555,625,657
458546400,1522,534,554,624,656
458553600,1676,534,554,623,656
458560800,2107,538,560,621,658
458568000,2323,545,569,620,659
458575200,2458,551,575,620,659
458582400,2342,551,573,622,659
458589600,2454,552,573,622,661
458596800,2362,549,569,623,662
458604000,2049,543,563,624,660
458611200,1883,540,560,625,660
458618400,1743,537,557,625,659
458625600,1711,536,556,625,658
458632800,1753,536,556,624,658
458640000,1804,536,556,623,657
458647200,2088,538,559,622,658
458654400,2328,545,567,621,659
458661600,2332,549,570,621,659
458668800,2237,549,569,621,659
458676000,2057,543,563,623,658
458683200,2051,541,561,623,659
458690400,1933,540,560,623,658
458697600,1656,537,557,624,656
458704800,1592,535,555,623,655
458712000,1530,534,554,623,654
458719200,1487,533,553,622,653
458726400,1650,533,554,621,653
458733600,2028,538,559,619,655
458740800,2172,543,565,619,656
458748000,2202,546,567,619,656
458755200,2257,546,568,619,657
458762400,2246,547,568,620,657
458769600,2136,546,566,621,657
458776800,1875,541,561,622,656
458784000,1705,538,558,623,655
458791200,1604,536,556,622,654
458798400,1514,534,554,622,653
458805600,1439,533,553,622,651
458812800,1567,533,553,620,652
458820000,1888,537,558,619,653
458827200,2132,543,565,618,654
458834400,2266,549,571,618,654
458841600,2343,552,574,618,655
458848800,2328,551,572,619,656
458856000,2217,547,567,620,657
458863200,1880,541,561,622,655
458870400,1619,537,557,623,654
458877600,1548,535,555,623,653
458884800,1518,534,553,622,653
458892000,1447,533,553,622,651
458899200,1565,533,553,621,651
458906400,1964,536,558,619,654
458913600,2173,542,565,618,654
458920800,2302,547,570,618,655
458928000,2382,549,573,618,656
458935200,2111,552,570,619,661
458942400,1990,547,564,617,661
458949600,1820,541,559,619,657
458956800,1597,539,557,620,655
458964000,1515,537,555,619,654
458971200,1508,536,554,619,653
458978400,1425,535,554,618,651
458985600,1529,535,554,617,651
458992800,1964,539,559,616,652
459000000,2150,545,567,616,653
459007200,2283,551,573,616,653
459014400,2412,555,577,616,654
459021600,2450,555,575,617,655
459028800,2406,552,572,618,656
459036000,2036,546,565,620,655
459043200,1861,542,560,621,654
459050400,1825,539,558,621,653
459057600,1681,538,557,621,652
459064800,1529,536,555,621,650
459072000,1611,536,554,620,650
459079200,1995,539,560,618,653
459086400,2172,545,567,617,653
459093600,2275,550,572,617,654
459100800,2402,552,575,617,655
459108000,2400,552,573,618,656
459115200,2332,548,569,619,657
459122400,1997,543,562,621,656
459129600,1768,538,558,622,654
459136800,1626,536,555,622,653
459144000,1608,535,554,621,652
459151200,1507,533,553,621,651
459158400,1608,533,553,620,651
459165600,1931,536,557,618,653
459172800,2192,543,565,617,654
459180000,2313,548,571,617,654
459187200,2427,551,574,618,655
459194400,2443,550,572,618,656
459201600,2308,546,567,620,656
459208800,2108,541,562,621,656
459216000,1982,538,559,622,656
459223200,1901,537,557,622,655
459230400,1619,542,560,618,665
459237600,1588,539,557,614,662
459244800,1586,537,555,616,657
459252000,1721,537,556,618,655
459259200,2049,540,562,617,654
459266400,2159,543,565,617,654
459273600,2262,546,568,617,654
459280800,2284,547,569,617,655
459288000,2187,545,566,618,654
459295200,1968,541,562,619,654
459302400,1734,538,558,620,653
459309600,1559,536,556,620,652
459316800,1452,534,554,620,650
459324000,1389,533,553,619,649
459331200,1523,533,553,618,649
459338400,1915,537,558,617,651
459345600,2129,543,566,616,652
459352800,2269,548,572,616,653
459360000,2373,551,575,616,654
459367200,2382,551,573,617,655
459374400,2321,547,569,618,655
459381600,1918,541,562,621,654
459388800,1772,537,557,621,654
459396000,1756,536,556,621,653
459403200,1736,535,555,620,652
459410400,1604,534,554,620,651
459417600,1742,534,554,619,651
459424800,2006,537,558,617,652
459432000,2268,543,565,616,653
459439200,2376,549,571,616,654
459446400,2453,551,574,617,655
459453600,2439,550,572,618,656
459460800,2408,546,567,619,656
459468000,1956,540,561,621,654
459475200,1886,537,557,621,654
459482400,1689,534,554,621,653
459489600,1634,533,553,621,652
459496800,1580,532,552,621,651
459504000,1647,532,552,619,650
459511200,1928,535,556,618,652
459518400,2143,539,562,617,652
459525600,2195,542,565,618,652
459532800,2256,544,568,618,652
459540000,2233,544,567,618,653
459547200,2110,541,563,619,653
459554400,1738,536,557,621,651
459561600,1457,531,552,622,649
459568800,1336,529,550,622,648
459576000,1241,528,548,621,646
459583200,1173,527,547,620,645
459590400,1312,527,547,619,645
459597600,1695,530,552,617,647
459604800,1909,536,560,616,648
459612000,2047,542,566,616,649
459619200,2187,545,569,616,650
459626400,2262,545,569,616,651
459633600,2191,543,565,618,652
459640800,1862,537,558,620,651
459648000,1636,533,553,621,650
459655200,1642,531,552,620,650
459662400,1551,530,550,620,648
459669600,1455,529,549,619,647
459676800,1558,529,549,618,647
459684000,1934,532,554,616,649
459691200,2110,538,562,616,650
459698400,2211,543,567,615,650
459705600,2310,547,570,616,651
459712800,2346,547,570,617,653
459720000,2284,544,566,618,653
459727200,1885,537,558,620,652
459734400,1629,533,553,622,651
459741600,1530,530,551,621,650
459748800,1527,529,549,621,649
459756000,1545,528,549,620,648
459763200,1599,528,549,619,647
459770400,2036,532,554,617,649
459777600,2311,538,562,615,651
459784800,2425,544,568,615,651
459792000,2481,547,571,615,653
459799200,2517,548,570,616,654
459806400,2455,544,566,618,654
459813600,2025,537,558,621,653
459820800,1830,533,554,622,652
459828000,1766,531,552,621,652
459835200,1742,530,551,621,651
459842400,1739,530,550,620,650
459849600,1816,530,551,619,650
459856800,2077,532,553,617,651
459864000,2328,537,559,616,652
459871200,2443,541,564,616,653
459878400,2344,541,564,617,652
459885600,2300,540,562,617,653
459892800,2107,537,558,618,652
459900000,1979,535,556,619,651
459907200,1891,533,554,619,651
459914400,1815,532,553,619,650
459921600,1741,531,552,619,649
459928800,1732,531,552,618,649
459936000,1729,531,552,618,648
459943200,1884,532,553,617,648
459950400,1996,534,555,616,649
459957600,2123,537,559,615,649
459964800,2214,540,562,615,650
459972000,2162,542,563,616,650
459979200,1706,541,560,612,655
459986400,1598,542,558,610,660
459993600,1585,536,553,614,652
460000800,1556,534,552,615,650
460008000,1512,534,552,615,648
460015200,1501,533,552,615,647
460022400,1542,533,552,615,646
460029600,1881,535,555,613,647
460036800,2201,541,563,612,648
460044000,2248,547,569,612,648
460051200,2294,549,571,613,649
460058400,2235,549,570,614,650
460065600,1983,543,563,616,649
460072800,1743,539,559,617,648
460080000,1674,537,556,617,648
460087200,1595,534,554,617,647
460094400,1473,533,553,617,646
460101600,1411,532,551,616,645
460108800,1489,532,551,615,645
460116000,1945,535,557,613,647
460123200,2134,542,565,612,648
460130400,2276,547,570,612,648
460137600,2304,549,571,613,650
460144800,2251,548,569,614,650
460152000,2025,543,563,616,649
460159200,1710,539,559,615,651
460166400,1661,537,556,615,649
460173600,1569,535,554,616,648
460180800,1541,533,553,616,647
460188000,1474,533,552,615,645
460195200,1630,533,553,614,645
460202400,1979,536,557,613,647
460209600,2277,543,565,611,648
460216800,2313,548,569,612,648
460224000,1931,546,565,612,649
460231200,1994,543,562,613,649
460238400,1885,541,561,614,648
460245600,1718,539,558,615,647
460252800,1628,537,557,615,646
460260000,1492,535,555,615,645
460267200,1435,534,554,614,644
460274400,1396,534,553,614,643
460281600,1490,534,553,613,643
460288800,1886,537,557,611,644
460296000,2203,544,565,610,646
460303200,2255,549,570,610,646
460310400,2331,551,571,611,647
460317600,2340,552,571,612,648
460324800,2192,548,567,614,648
460332000,1828,541,560,615,646
460339200,1707,538,557,616,646
460346400,1642,536,555,615,646
460353600,1703,535,555,615,645
460360800,1606,534,554,615,644
460368000,1646,534,554,614,644
460375200,1974,537,558,612,645
460382400,2251,543,565,611,647
460389600,2418,550,571,611,648
460396800,2426,551,572,612,648
460404000,2172,546,567,614,648
460411200,2119,542,564,615,649
460418400,1979,540,560,616,648
460425600,1873,537,558,616,647
460432800,1779,535,556,616,647
460440000,1730,534,556,615,646
460447200,1708,534,555,615,645
460454400,1702,534,555,614,645
460461600,1662,535,556,611,647
460468800,1627,549,558,611,657
460476000,1630,550,559,610,657
460483200,1691,546,561,606,652
460490400,1878,546,564,608,647
460497600,1838,546,564,609,646
460504800,1693,544,562,609,645
460512000,1609,543,561,609,645
460519200,1617,543,561,609,645
460526400,1611,543,561,608,644
460533600,1544,545,562,603,649
460540800,1540,554,563,606,654
460548000,1574,557,566,608,655
460555200,1592,560,568,606,655
460562400,1758,562,577,603,652
460569600,1942,565,584,604,648
460576800,1767,573,591,608,650
460584000,1598,606,652,613,658
460591200,1603,629,675,610,658
460598400,1596,639,684,610,657
460605600,1568,646,690,609,657
460612800,1538,651,695,608,656
460620000,1527,654,698,606,654
460627200,1542,657,699,604,652
460634400,1591,663,697,604,651
460641600,1588,678,700,611,654
460648800,1608,716,731,610,654
460656000,1782,725,744,603,650
460663200,1898,724,742,602,649
460670400,1653,718,736,602,649
460677600,1550,716,732,601,649
460684800,1446,713,729,601,649
460692000,1402,711,726,601,648
460699200,1442,710,725,600,648
460706400,1470,709,724,600,647
460713600,1486,709,723,600,647
460720800,1603,709,723,600,646
460728000,1801,712,727,600,646
460735200,1952,716,730,601,647
460742400,2068,718,734,602,648
460749600,2099,717,732,603,649
460756800,2029,712,726,604,650
460764000,1720,704,717,605,650
460771200,1599,698,712,604,650
460778400,1512,694,708,603,650
460785600,1439,691,705,603,649
460792800,1395,689,702,602,648
460800000,1442,687,700,602,647
460807200,1813,689,704,602,648
460814400,1967,695,712,602,647
460821600,2092,701,717,603,648
460828800,1918,699,714,605,649
460836000,1888,695,709,606,650
460843200,1874,693,706,606,650
460850400,1660,688,701,606,650
460857600,1511,684,697,605,649
460864800,1453,681,694,605,649
460872000,1394,679,692,604,648
460879200,1329,677,689,603,647
460886400,1387,675,688,603,646
460893600,1780,678,692,603,647
460900800,2027,685,700,603,647
460908000,2160,692,706,604,648
460915200,2242,696,709,605,649
460922400,2235,696,708,607,651
460929600,2070,689,700,608,652
460936800,1722,683,694,609,652
460944000,1591,678,690,608,652
460951200,1551,675,686,608,651
460958400,1496,672,684,607,650
460965600,1429,670,682,606,649
460972800,1497,669,681,606,649
460980000,1954,672,685,606,650
460987200,2194,678,692,606,650
460994400,2289,683,696,607,650
461001600,2350,686,699,608,651
461008800,2363,686,698,610,653
461016000,2287,680,691,611,654
461023200,1822,672,683,612,654
461030400,1655,668,679,611,654
461037600,1614,665,677,611,654
461044800,1570,663,675,610,653
461052000,1543,662,673,610,652
461059200,1604,661,673,609,651
461066400,2022,664,677,609,652
461073600,2312,669,682,609,652
461080800,2409,673,686,609,653
461088000,2439,674,687,610,654
461095200,2428,671,684,612,656
461102400,2357,665,677,613,657
461109600,1819,658,669,614,656
461116800,1711,654,665,615,656
461124000,1636,652,663,614,655
461131200,1614,651,662,613,654
461138400,1587,650,660,613,653
461145600,1650,650,660,612,652
461152800,1986,652,664,611,653
461160000,2129,655,668,611,653
461167200,2152,655,667,611,653
461174400,2215,655,667,612,654
461181600,2288,655,666,613,655
461188800,2158,651,661,614,656
461196000,1853,646,655,614,656
461203200,1595,658,647,618,664
461210400,1576,656,655,616,663
461217600,1539,653,654,611,658
461224800,1510,651,653,610,655
461232000,1515,650,652,609,654
461239200,1777,652,655,609,654
461246400,1970,655,660,609,653
461253600,2074,656,662,610,653
461260800,2163,659,666,610,654
461268000,2170,661,666,611,654
461275200,1927,657,660,612,655
461282400,1796,653,657,613,655
461289600,1600,657,653,615,660
461296800,1536,661,648,617,663
461304000,1544,659,652,615,661
461311200,1506,684,666,619,661
461318400,1480,713,684,615,661
461325600,1629,718,702,612,658
461332800,1882,721,713,609,653
461340000,2037,724,718,609,654
461347200,2119,723,721,610,654
461354400,2092,720,718,611,655
461361600,1915,713,711,613,657
461368800,1680,712,705,618,660
461376000,1569,706,702,616,659
461383200,1515,702,698,612,657
461390400,1473,699,695,610,655
461397600,1447,697,692,609,654
461404800,1479,695,691,608,653
461412000,1847,697,694,609,652
461419200,2037,701,700,609,652
461426400,2156,707,705,610,653
461433600,2215,710,708,611,654
461440800,2168,707,705,612,655
461448000,2093,701,700,613,656
461455200,1771,694,693,613,656
461462400,1522,689,688,612,655
461469600,1536,686,686,611,654
461476800,1502,684,684,610,653
461484000,1378,682,682,609,653
461491200,1425,681,681,609,652
461498400,1828,683,684,609,652
461505600,2030,689,690,610,652
461512800,2137,695,694,610,653
461520000,2221,697,697,612,654
461527200,2249,696,695,613,656
461534400,2134,691,690,614,657
461541600,1806,685,683,615,657
461548800,1601,680,680,614,656
461556000,1537,677,677,613,655
461563200,1532,675,675,613,654
461570400,1476,673,674,612,653
461577600,1465,672,673,611,653
461584800,1868,674,677,611,653
461592000,2084,680,682,611,654
461599200,2205,685,686,612,654
461606400,2286,687,688,613,655
461613600,2306,686,685,614,657
461620800,2134,679,678,615,658
461628000,1787,677,672,617,661
461635200,1614,675,670,615,660
461642400,1618,670,667,614,658
461649600,1588,668,665,613,657
461656800,1530,666,664,612,655
461664000,1554,665,664,611,655
461671200,1886,666,667,611,655
461678400,2163,672,672,612,655
461685600,2285,676,676,612,655
461692800,2205,677,676,613,656
461700000,2042,671,671,614,657
461707200,1975,667,667,615,658
461714400,1740,663,663,615,657
461721600,1572,660,661,615,656
461728800,1491,659,659,615,656
461736000,1448,657,658,614,655
461743200,1420,657,657,613,654
461750400,1443,656,657,613,653
461757600,1861,658,660,612,654
461764800,2102,663,665,612,654
461772000,2172,666,667,613,654
461779200,2233,666,668,613,655
461786400,2197,664,665,615,657
461793600,1717,663,656,617,660
461800800,1514,664,656,616,662
461808000,1466,659,653,613,658
461815200,1383,657,652,612,657
461822400,1336,656,651,611,656
461829600,1362,655,651,610,655
461836800,1383,655,651,610,654
461844000,1568,656,652,610,653
461851200,1813,659,658,610,653
461858400,1999,664,663,611,654
461865600,1990,665,664,612,654
461872800,1518,666,651,617,661
461880000,1484,667,647,618,663
461887200,1464,668,651,617,662
461894400,1433,679,658,616,661
461901600,1435,687,663,615,660
461908800,1430,692,668,614,659
461916000,1415,694,673,614,659
461923200,1421,696,677,613,658
461930400,1451,698,679,612,657
461937600,1609,702,687,610,656
461944800,1790,705,696,609,652
461952000,1866,706,700,610,652
461959200,1615,708,692,616,657
461966400,1512,703,696,612,656
461973600,1452,700,694,610,654
461980800,1433,699,693,609,653
461988000,1336,698,692,608,653
461995200,1286,696,691,608,652
462002400,1275,695,690,607,651
462009600,1316,695,690,607,651
462016800,1432,696,691,607,650
462024000,1540,697,693,607,650
462031200,1699,700,697,607,650
462038400,1755,702,701,608,650
462045600,1625,699,697,608,650
462052800,1429,698,693,611,653
462060000,1362,711,714,618,657
462067200,1357,720,726,615,658
462074400,1351,721,726,612,657
462081600,1340,724,728,614,655
462088800,1332,732,736,615,654
462096000,1325,733,733,612,654
462103200,1324,734,736,614,653
462110400,1398,740,743,614,653
462117600,1439,744,745,614,653
462124800,1417,745,750,610,654
462132000,1454,740,754,607,651
462139200,1382,734,748,607,650
462146400,1335,730,744,606,649
462153600,1295,727,741,606,649
462160800,1243,724,738,605,648
462168000,1198,722,736,604,647
462175200,1236,721,734,604,646
462182400,1179,720,733,603,646
462189600,1470,721,735,604,646
462196800,1593,725,740,604,646
462204000,1629,724,739,605,646
462211200,1700,723,738,606,647
462218400,1787,723,737,607,648
462225600,1726,719,733,607,649
462232800,1430,712,726,607,650
462240000,1369,708,722,607,650
462247200,1385,706,720,606,649
462254400,1342,704,717,605,648
462261600,1293,702,715,605,648
462268800,1307,701,714,605,647
462276000,1537,703,716,605,647
462283200,1655,706,719,605,647
462290400,1802,710,723,606,648
462297600,1711,708,722,606,648
462304800,1736,706,721,607,649
462312000,1665,704,718,608,650
462319200,1362,699,712,607,650
462326400,1281,696,709,607,650
462333600,1259,694,706,607,649
462340800,1245,692,704,606,648
462348000,1222,691,702,605,648
462355200,1225,690,701,605,647
462362400,1602,692,705,605,647
462369600,1852,699,712,606,647
462376800,1968,705,717,607,648
462384000,2038,709,721,609,650
462391200,2047,708,719,610,652
462398400,1956,702,713,611,653
462405600,1457,694,706,611,654
462412800,1401,690,701,611,654
462420000,1367,687,698,610,653
462427200,1316,684,696,609,652
462434400,1292,682,694,608,651
462441600,1319,681,693,608,650
462448800,1723,684,697,609,650
462456000,1945,690,703,609,651
462463200,2044,696,708,610,651
462470400,2099,698,710,611,653
462477600,2094,696,707,613,655
462484800,2009,691,703,614,656
462492000,1560,685,696,613,656
462499200,1445,682,693,613,655
462506400,1384,679,690,612,655
462513600,1343,677,688,612,654
462520800,1297,675,686,611,653
462528000,1331,674,685,610,652
462535200,1719,677,689,611,652
462542400,1932,682,694,611,652
462549600,2082,687,698,612,653
462556800,2174,689,701,613,655
462564000,2198,688,699,614,656
462571200,2025,681,692,615,657
462578400,1697,676,687,616,658
462585600,1542,673,684,615,657
462592800,1511,671,682,615,657
462600000,1435,670,680,614,656
462607200,1401,668,679,613,655
462614400,1405,667,678,613,654
462621600,1790,670,682,613,655
462628800,2017,675,686,613,655
462636000,2146,678,689,614,655
462643200,2213,679,690,615,657
462650400,2209,676,687,616,658
462657600,1938,669,680,617,659
462664800,1593,665,675,617,659
462672000,1566,663,673,616,659
462679200,1596,662,673,616,658
462686400,1575,662,672,615,658
462693600,1518,661,670,615,656
462700800,1525,660,670,614,656
462708000,1624,661,670,614,656
462715200,1494,673,666,621,662
462722400,1446,674,664,621,661
462729600,1702,675,676,615,658
462736800,1719,673,679,614,656
462744000,1448,670,674,613,655
462751200,1336,669,672,613,656
462758400,1342,674,671,617,659
462765600,1333,691,677,619,659
462772800,1319,701,688,617,659
462780000,1309,706,696,617,658
462787200,1300,725,715,621,657
462794400,1358,737,731,618,657
462801600,1502,735,742,613,656
462808800,1660,733,744,611,653
462816000,1746,730,741,612,653
462823200,1786,726,737,612,654
462830400,1678,720,731,613,654
462837600,1449,714,725,612,654
462844800,1325,711,720,612,653
462852000,1309,709,717,611,653
462859200,1224,707,715,610,652
462866400,1167,705,713,609,651
462873600,1234,705,711,609,651
462880800,1551,707,714,610,650
462888000,1723,712,720,610,650
462895200,1777,715,723,611,651
462902400,1864,717,726,612,652
462909600,1914,716,724,613,653
462916800,1812,710,718,614,655
462924000,1379,703,711,614,655
462931200,1283,699,707,613,654
462938400,1256,696,703,612,654
462945600,1237,694,701,611,653
462952800,1210,692,699,611,652
462960000,1207,690,697,610,651
462967200,1552,692,701,611,651
462974400,1743,698,706,611,651
462981600,1880,703,711,612,651
462988800,1955,706,714,613,653
462996000,2053,707,713,615,655
463003200,1936,700,706,616,656
463010400,1463,693,699,615,656
463017600,1371,689,696,615,655
463024800,1313,686,693,614,655
463032000,1299,684,691,613,654
463039200,1262,683,689,613,653
463046400,1278,682,688,612,652
463053600,1564,683,691,612,652
463060800,1768,688,696,613,652
463068000,1921,692,698,613,653
463075200,1971,694,701,614,654
463082400,1932,693,698,615,655
463089600,1757,688,692,616,656
463096800,1488,682,687,615,656
463104000,1387,679,684,615,656
463111200,1316,677,682,614,655
463118400,1246,675,680,613,654
463125600,1182,673,678,612,652
463132800,1150,672,677,612,651
463140000,1422,674,680,612,651
463147200,1652,679,684,612,652
463154400,1788,684,687,613,652
463161600,1864,688,690,614,653
463168800,1892,687,688,615,655
463176000,1726,680,682,616,656
463183200,1372,674,676,616,656
463190400,1276,671,674,615,656
463197600,1239,669,672,614,655
463204800,1248,667,671,614,654
463212000,1192,666,670,613,653
463219200,1220,665,669,613,652
463226400,1511,667,673,613,652
463233600,1780,672,677,613,653
463240800,1953,677,680,614,653
463248000,2029,679,682,614,654
463255200,2044,678,680,616,656
463262400,1832,671,673,616,657
463269600,1518,665,667,617,657
463276800,1429,663,665,616,657
463284000,1298,661,663,616,656
463291200,1279,660,662,615,655
463298400,1269,659,661,614,654
463305600,1255,658,660,614,653
463312800,1596,660,664,614,653
463320000,1955,666,669,615,654
463327200,2084,669,671,615,655
463334400,2124,670,673,616,656
463341600,2126,667,669,617,658
463348800,1943,661,663,618,659
463356000,1485,655,656,618,659
463363200,1445,653,654,618,659
463370400,1366,652,653,618,658
463377600,1316,651,652,617,657
463384800,1343,650,652,617,656
463392000,1368,650,652,616,655
463399200,1700,653,655,616,656
463406400,1989,657,660,616,656
463413600,2128,660,662,616,657
463420800,2206,660,664,617,658
463428000,2003,654,657,618,659
463435200,1856,649,651,619,660
463442400,1487,645,647,619,660
463449600,1461,644,645,618,659
463456800,1368,643,643,618,658
463464000,1319,642,642,617,657
463471200,1275,642,641,616,656
463478400,1281,641,641,616,656
463485600,1724,644,646,616,656
463492800,1962,648,651,616,657
463500000,2072,651,653,616,657
463507200,2167,651,654,617,658
463514400,2173,648,650,618,660
463521600,1939,642,643,619,660
463528800,1706,637,639,620,661
463536000,1557,635,636,619,661
463543200,1406,634,634,619,660
463550400,1391,633,633,618,659
463557600,1338,633,632,618,658
463564800,1295,633,631,617,658
463572000,1681,635,635,617,658
463579200,1884,639,641,617,658
463586400,1989,642,643,618,659
463593600,2081,641,644,618,660
463600800,1951,637,638,619,661
463608000,1808,632,633,620,661
463615200,1574,628,629,620,661
463622400,1465,626,626,619,661
463629600,1372,625,624,619,660
463636800,1312,625,623,618,659
463644000,1246,624,621,618,658
463651200,1262,624,621,617,657
463658400,1512,626,625,617,658
463665600,1672,630,629,617,657
463672800,1781,632,632,617,657
463680000,1813,631,633,618,658
463687200,1835,629,630,618,659
463694400,1686,625,625,619,660
463701600,1451,620,620,619,659
463708800,1319,619,617,619,659
463716000,1200,617,615,618,658
463723200,1100,616,613,617,657
463730400,1058,616,612,617,655
463737600,1070,616,612,616,655
463744800,1124,617,612,616,654
463752000,1312,620,617,616,654
463759200,1470,625,621,616,655
463766400,1544,625,624,616,655
463773600,1534,623,622,616,656
463780800,1346,617,615,617,656
463788000,1096,612,610,617,655
463795200,947,610,606,617,654
463802400,898,609,605,616,653
463809600,904,609,604,616,652
463816800,876,609,604,615,651
463824000,863,609,603,615,650
463831200,1235,612,608,614,651
463838400,1481,618,616,614,652
463845600,1633,622,620,614,652
463852800,1746,622,623,614,654
463860000,1762,620,620,615,655
463867200,1552,613,614,616,655
463874400,1161,607,606,617,655
463881600,1107,605,604,617,655
463888800,1080,604,602,617,654
463896000,1042,604,601,616,653
463903200,1036,604,600,616,653
463910400,1043,604,600,615,652
463917600,1474,608,606,615,653
463924800,1778,614,614,614,654
463932000,1926,618,617,614,654
463939200,2001,618,620,615,655
463946400,2005,616,617,616,656
463953600,1766,608,610,617,657
463960800,1392,601,603,618,657
463968000,1349,599,601,618,657
463975200,1322,598,599,617,657
463982400,1306,598,598,617,656
463989600,1172,597,597,616,655
463996800,1149,597,596,616,654
464004000,1570,600,600,616,655
464011200,1901,606,608,615,656
464018400,2039,610,612,616,656
464025600,2137,610,615,616,657
464032800,2149,608,612,617,658
464040000,1876,601,606,618,659
464047200,1520,594,599,619,659
464054400,1423,591,596,619,659
464061600,1389,590,595,618,658
464068800,1384,590,594,618,658
464076000,1345,589,593,618,657
464083200,1293,589,592,617,656
464090400,1639,592,596,617,657
464097600,1978,598,603,616,658
464104800,2145,603,607,617,658
464112000,2223,603,610,617,659
